Start Date,End Date,State,Sex,Age Group,COVID-19 Deaths,Total Deaths,Pneumonia Deaths,Influenza Deaths,latitude,longitude
01/01/2020,04/02/2022,Alabama,Male,All Ages,10273.0,76233.0,7121.0,114.0,32.318231,-86.902298
01/01/2020,04/02/2022,Alabama,Male,Under 1 year,0.0,518.0,0.0,0.0,32.318231,-86.902298
01/01/2020,04/02/2022,Alabama,Male,0-17 years,0.0,997.0,11.0,0.0,32.318231,-86.902298
01/01/2020,04/02/2022,Alabama,Male,18-29 years,71.0,2014.0,49.0,0.0,32.318231,-86.902298
01/01/2020,04/02/2022,Alabama,Male,30-39 years,218.0,2673.0,141.0,0.0,32.318231,-86.902298
01/01/2020,04/02/2022,Alabama,Male,40-49 years,548.0,4248.0,334.0,0.0,32.318231,-86.902298
01/01/2020,04/02/2022,Alabama,Male,50-64 years,2377.0,16744.0,1486.0,42.0,32.318231,-86.902298
01/01/2020,04/02/2022,Alabama,Male,65-74 years,2826.0,18857.0,2009.0,27.0,32.318231,-86.902298
01/01/2020,04/02/2022,Alabama,Male,75-84 years,2705.0,18459.0,1942.0,18.0,32.318231,-86.902298
01/01/2020,04/02/2022,Alabama,Male,85 years and over,1522.0,12241.0,1149.0,12.0,32.318231,-86.902298
01/01/2020,04/02/2022,Alabama,Female,All Ages,8819.0,69608.0,5981.0,82.0,32.318231,-86.902298
01/01/2020,04/02/2022,Alabama,Female,Under 1 year,0.0,376.0,0.0,0.0,32.318231,-86.902298
01/01/2020,04/02/2022,Alabama,Female,0-17 years,0.0,608.0,12.0,0.0,32.318231,-86.902298
01/01/2020,04/02/2022,Alabama,Female,18-29 years,55.0,776.0,41.0,0.0,32.318231,-86.902298
01/01/2020,04/02/2022,Alabama,Female,30-39 years,160.0,1458.0,107.0,0.0,32.318231,-86.902298
01/01/2020,04/02/2022,Alabama,Female,40-49 years,453.0,2730.0,242.0,0.0,32.318231,-86.902298
01/01/2020,04/02/2022,Alabama,Female,50-64 years,1819.0,11214.0,1197.0,25.0,32.318231,-86.902298
01/01/2020,04/02/2022,Alabama,Female,65-74 years,2091.0,14071.0,1423.0,17.0,32.318231,-86.902298
01/01/2020,04/02/2022,Alabama,Female,75-84 years,2199.0,17941.0,1594.0,20.0,32.318231,-86.902298
01/01/2020,04/02/2022,Alabama,Female,85 years and over,2036.0,20810.0,1365.0,11.0,32.318231,-86.902298
01/01/2020,04/02/2022,Alaska,Male,All Ages,729.0,6958.0,633.0,0.0,63.588753,-154.493062
01/01/2020,04/02/2022,Alaska,Male,Under 1 year,0.0,63.0,0.0,0.0,63.588753,-154.493062
01/01/2020,04/02/2022,Alaska,Male,0-17 years,0.0,132.0,0.0,0.0,63.588753,-154.493062
01/01/2020,04/02/2022,Alaska,Male,18-29 years,11.0,314.0,0.0,0.0,63.588753,-154.493062
01/01/2020,04/02/2022,Alaska,Male,30-39 years,26.0,427.0,30.0,0.0,63.588753,-154.493062
01/01/2020,04/02/2022,Alaska,Male,40-49 years,43.0,436.0,38.0,0.0,63.588753,-154.493062
01/01/2020,04/02/2022,Alaska,Male,50-64 years,206.0,1660.0,164.0,0.0,63.588753,-154.493062
01/01/2020,04/02/2022,Alaska,Male,65-74 years,197.0,1626.0,166.0,0.0,63.588753,-154.493062
01/01/2020,04/02/2022,Alaska,Male,75-84 years,161.0,1457.0,151.0,0.0,63.588753,-154.493062
01/01/2020,04/02/2022,Alaska,Male,85 years and over,83.0,906.0,75.0,0.0,63.588753,-154.493062
01/01/2020,04/02/2022,Alaska,Female,All Ages,488.0,5023.0,435.0,0.0,63.588753,-154.493062
01/01/2020,04/02/2022,Alaska,Female,Under 1 year,0.0,49.0,0.0,0.0,63.588753,-154.493062
01/01/2020,04/02/2022,Alaska,Female,0-17 years,0.0,83.0,0.0,0.0,63.588753,-154.493062
01/01/2020,04/02/2022,Alaska,Female,18-29 years,0.0,151.0,0.0,0.0,63.588753,-154.493062
01/01/2020,04/02/2022,Alaska,Female,30-39 years,15.0,253.0,12.0,0.0,63.588753,-154.493062
01/01/2020,04/02/2022,Alaska,Female,40-49 years,38.0,293.0,32.0,0.0,63.588753,-154.493062
01/01/2020,04/02/2022,Alaska,Female,50-64 years,81.0,880.0,70.0,0.0,63.588753,-154.493062
01/01/2020,04/02/2022,Alaska,Female,65-74 years,126.0,1086.0,117.0,0.0,63.588753,-154.493062
01/01/2020,04/02/2022,Alaska,Female,75-84 years,118.0,1071.0,106.0,0.0,63.588753,-154.493062
01/01/2020,04/02/2022,Alaska,Female,85 years and over,100.0,1206.0,86.0,0.0,63.588753,-154.493062
01/01/2020,04/02/2022,Arizona,Male,All Ages,15946.0,98941.0,14096.0,95.0,34.048928,-111.093731
01/01/2020,04/02/2022,Arizona,Male,Under 1 year,0.0,510.0,0.0,0.0,34.048928,-111.093731
01/01/2020,04/02/2022,Arizona,Male,0-17 years,20.0,1111.0,24.0,0.0,34.048928,-111.093731
01/01/2020,04/02/2022,Arizona,Male,18-29 years,156.0,3226.0,123.0,0.0,34.048928,-111.093731
01/01/2020,04/02/2022,Arizona,Male,30-39 years,434.0,4107.0,320.0,0.0,34.048928,-111.093731
01/01/2020,04/02/2022,Arizona,Male,40-49 years,896.0,5202.0,686.0,0.0,34.048928,-111.093731
01/01/2020,04/02/2022,Arizona,Male,50-64 years,3462.0,18246.0,2895.0,24.0,34.048928,-111.093731
01/01/2020,04/02/2022,Arizona,Male,65-74 years,3984.0,22072.0,3585.0,24.0,34.048928,-111.093731
01/01/2020,04/02/2022,Arizona,Male,75-84 years,4339.0,25061.0,3948.0,15.0,34.048928,-111.093731
01/01/2020,04/02/2022,Arizona,Male,85 years and over,2655.0,19916.0,2515.0,16.0,34.048928,-111.093731
01/01/2020,04/02/2022,Arizona,Female,All Ages,11056.0,79877.0,9921.0,89.0,34.048928,-111.093731
01/01/2020,04/02/2022,Arizona,Female,Under 1 year,0.0,417.0,0.0,0.0,34.048928,-111.093731
01/01/2020,04/02/2022,Arizona,Female,0-17 years,13.0,769.0,28.0,0.0,34.048928,-111.093731
01/01/2020,04/02/2022,Arizona,Female,18-29 years,100.0,1096.0,77.0,0.0,34.048928,-111.093731
01/01/2020,04/02/2022,Arizona,Female,30-39 years,267.0,1826.0,214.0,0.0,34.048928,-111.093731
01/01/2020,04/02/2022,Arizona,Female,40-49 years,511.0,2765.0,424.0,0.0,34.048928,-111.093731
01/01/2020,04/02/2022,Arizona,Female,50-64 years,2054.0,11163.0,1854.0,22.0,34.048928,-111.093731
01/01/2020,04/02/2022,Arizona,Female,65-74 years,2653.0,15380.0,2430.0,21.0,34.048928,-111.093731
01/01/2020,04/02/2022,Arizona,Female,75-84 years,2894.0,20810.0,2638.0,22.0,34.048928,-111.093731
01/01/2020,04/02/2022,Arizona,Female,85 years and over,2564.0,26068.0,2256.0,12.0,34.048928,-111.093731
01/01/2020,04/02/2022,Arkansas,Male,All Ages,5920.0,46057.0,5482.0,62.0,35.20105,-91.831833
01/01/2020,04/02/2022,Arkansas,Male,Under 1 year,0.0,328.0,0.0,0.0,35.20105,-91.831833
01/01/2020,04/02/2022,Arkansas,Male,0-17 years,0.0,599.0,0.0,0.0,35.20105,-91.831833
01/01/2020,04/02/2022,Arkansas,Male,18-29 years,46.0,1107.0,38.0,0.0,35.20105,-91.831833
01/01/2020,04/02/2022,Arkansas,Male,30-39 years,117.0,1527.0,82.0,0.0,35.20105,-91.831833
01/01/2020,04/02/2022,Arkansas,Male,40-49 years,288.0,2397.0,229.0,0.0,35.20105,-91.831833
01/01/2020,04/02/2022,Arkansas,Male,50-64 years,1265.0,9743.0,1101.0,18.0,35.20105,-91.831833
01/01/2020,04/02/2022,Arkansas,Male,65-74 years,1504.0,11291.0,1425.0,16.0,35.20105,-91.831833
01/01/2020,04/02/2022,Arkansas,Male,75-84 years,1647.0,11363.0,1554.0,15.0,35.20105,-91.831833
01/01/2020,04/02/2022,Arkansas,Male,85 years and over,1050.0,8030.0,1045.0,0.0,35.20105,-91.831833
01/01/2020,04/02/2022,Arkansas,Female,All Ages,5106.0,41237.0,4476.0,66.0,35.20105,-91.831833
01/01/2020,04/02/2022,Arkansas,Female,Under 1 year,0.0,272.0,0.0,0.0,35.20105,-91.831833
01/01/2020,04/02/2022,Arkansas,Female,0-17 years,0.0,421.0,12.0,0.0,35.20105,-91.831833
01/01/2020,04/02/2022,Arkansas,Female,18-29 years,34.0,452.0,33.0,0.0,35.20105,-91.831833
01/01/2020,04/02/2022,Arkansas,Female,30-39 years,91.0,864.0,74.0,0.0,35.20105,-91.831833
01/01/2020,04/02/2022,Arkansas,Female,40-49 years,220.0,1653.0,194.0,0.0,35.20105,-91.831833
01/01/2020,04/02/2022,Arkansas,Female,50-64 years,854.0,6483.0,811.0,16.0,35.20105,-91.831833
01/01/2020,04/02/2022,Arkansas,Female,65-74 years,1144.0,8164.0,1049.0,17.0,35.20105,-91.831833
01/01/2020,04/02/2022,Arkansas,Female,75-84 years,1318.0,10495.0,1183.0,11.0,35.20105,-91.831833
01/01/2020,04/02/2022,Arkansas,Female,85 years and over,1441.0,12705.0,1120.0,18.0,35.20105,-91.831833
01/01/2020,04/02/2022,California,Male,All Ages,55274.0,394626.0,54370.0,464.0,36.778261,-119.417932
01/01/2020,04/02/2022,California,Male,Under 1 year,14.0,2037.0,35.0,0.0,36.778261,-119.417932
01/01/2020,04/02/2022,California,Male,0-17 years,50.0,3905.0,76.0,12.0,36.778261,-119.417932
01/01/2020,04/02/2022,California,Male,18-29 years,474.0,11431.0,414.0,0.0,36.778261,-119.417932
01/01/2020,04/02/2022,California,Male,30-39 years,1462.0,15468.0,1174.0,20.0,36.778261,-119.417932
01/01/2020,04/02/2022,California,Male,40-49 years,3382.0,20933.0,2675.0,30.0,36.778261,-119.417932
01/01/2020,04/02/2022,California,Male,50-64 years,13553.0,78605.0,11835.0,125.0,36.778261,-119.417932
01/01/2020,04/02/2022,California,Male,65-74 years,13281.0,83143.0,13127.0,102.0,36.778261,-119.417932
01/01/2020,04/02/2022,California,Male,75-84 years,12595.0,88501.0,13447.0,87.0,36.778261,-119.417932
01/01/2020,04/02/2022,California,Male,85 years and over,10477.0,92640.0,11622.0,80.0,36.778261,-119.417932
01/01/2020,04/02/2022,California,Female,All Ages,38394.0,334836.0,39024.0,429.0,36.778261,-119.417932
01/01/2020,04/02/2022,California,Female,Under 1 year,0.0,1650.0,14.0,0.0,36.778261,-119.417932
01/01/2020,04/02/2022,California,Female,0-17 years,35.0,2826.0,62.0,0.0,36.778261,-119.417932
01/01/2020,04/02/2022,California,Female,18-29 years,237.0,3698.0,208.0,14.0,36.778261,-119.417932
01/01/2020,04/02/2022,California,Female,30-39 years,652.0,6093.0,555.0,21.0,36.778261,-119.417932
01/01/2020,04/02/2022,California,Female,40-49 years,1563.0,10567.0,1424.0,29.0,36.778261,-119.417932
01/01/2020,04/02/2022,California,Female,50-64 years,6490.0,43633.0,6322.0,84.0,36.778261,-119.417932
01/01/2020,04/02/2022,California,Female,65-74 years,7844.0,56503.0,8046.0,77.0,36.778261,-119.417932
01/01/2020,04/02/2022,California,Female,75-84 years,9409.0,78598.0,10005.0,101.0,36.778261,-119.417932
01/01/2020,04/02/2022,California,Female,85 years and over,12164.0,132918.0,12402.0,95.0,36.778261,-119.417932
01/01/2020,04/02/2022,Colorado,Male,All Ages,7456.0,58131.0,6617.0,81.0,39.550051,-105.782067
01/01/2020,04/02/2022,Colorado,Male,Under 1 year,0.0,381.0,0.0,0.0,39.550051,-105.782067
01/01/2020,04/02/2022,Colorado,Male,0-17 years,10.0,800.0,12.0,0.0,39.550051,-105.782067
01/01/2020,04/02/2022,Colorado,Male,18-29 years,55.0,2091.0,42.0,0.0,39.550051,-105.782067
01/01/2020,04/02/2022,Colorado,Male,30-39 years,150.0,2779.0,147.0,0.0,39.550051,-105.782067
01/01/2020,04/02/2022,Colorado,Male,40-49 years,375.0,3322.0,293.0,0.0,39.550051,-105.782067
01/01/2020,04/02/2022,Colorado,Male,50-64 years,1552.0,11109.0,1295.0,24.0,39.550051,-105.782067
01/01/2020,04/02/2022,Colorado,Male,65-74 years,1773.0,12524.0,1680.0,16.0,39.550051,-105.782067
01/01/2020,04/02/2022,Colorado,Male,75-84 years,1949.0,13315.0,1799.0,0.0,39.550051,-105.782067
01/01/2020,04/02/2022,Colorado,Male,85 years and over,1592.0,12191.0,1349.0,16.0,39.550051,-105.782067
01/01/2020,04/02/2022,Colorado,Female,All Ages,5570.0,49547.0,4680.0,93.0,39.550051,-105.782067
01/01/2020,04/02/2022,Colorado,Female,Under 1 year,0.0,341.0,0.0,0.0,39.550051,-105.782067
01/01/2020,04/02/2022,Colorado,Female,0-17 years,0.0,551.0,14.0,0.0,39.550051,-105.782067
01/01/2020,04/02/2022,Colorado,Female,18-29 years,30.0,707.0,26.0,0.0,39.550051,-105.782067
01/01/2020,04/02/2022,Colorado,Female,30-39 years,66.0,1228.0,69.0,0.0,39.550051,-105.782067
01/01/2020,04/02/2022,Colorado,Female,40-49 years,187.0,1828.0,176.0,0.0,39.550051,-105.782067
01/01/2020,04/02/2022,Colorado,Female,50-64 years,764.0,6537.0,724.0,22.0,39.550051,-105.782067
01/01/2020,04/02/2022,Colorado,Female,65-74 years,1139.0,8793.0,1041.0,19.0,39.550051,-105.782067
01/01/2020,04/02/2022,Colorado,Female,75-84 years,1432.0,11739.0,1235.0,13.0,39.550051,-105.782067
01/01/2020,04/02/2022,Colorado,Female,85 years and over,1946.0,18164.0,1395.0,29.0,39.550051,-105.782067
01/01/2020,04/02/2022,Connecticut,Male,All Ages,5498.0,40820.0,3699.0,48.0,41.603221,-73.087749
01/01/2020,04/02/2022,Connecticut,Male,Under 1 year,0.0,200.0,0.0,0.0,41.603221,-73.087749
01/01/2020,04/02/2022,Connecticut,Male,0-17 years,0.0,333.0,0.0,0.0,41.603221,-73.087749
01/01/2020,04/02/2022,Connecticut,Male,18-29 years,17.0,825.0,12.0,0.0,41.603221,-73.087749
01/01/2020,04/02/2022,Connecticut,Male,30-39 years,73.0,1381.0,29.0,0.0,41.603221,-73.087749
01/01/2020,04/02/2022,Connecticut,Male,40-49 years,158.0,1727.0,95.0,0.0,41.603221,-73.087749
01/01/2020,04/02/2022,Connecticut,Male,50-64 years,918.0,7468.0,583.0,10.0,41.603221,-73.087749
01/01/2020,04/02/2022,Connecticut,Male,65-74 years,1177.0,7871.0,807.0,14.0,41.603221,-73.087749
01/01/2020,04/02/2022,Connecticut,Male,75-84 years,1462.0,9797.0,985.0,11.0,41.603221,-73.087749
01/01/2020,04/02/2022,Connecticut,Male,85 years and over,1690.0,11418.0,1181.0,11.0,41.603221,-73.087749
01/01/2020,04/02/2022,Connecticut,Female,All Ages,5297.0,39714.0,3225.0,53.0,41.603221,-73.087749
01/01/2020,04/02/2022,Connecticut,Female,Under 1 year,0.0,125.0,0.0,0.0,41.603221,-73.087749
01/01/2020,04/02/2022,Connecticut,Female,0-17 years,0.0,200.0,0.0,0.0,41.603221,-73.087749
01/01/2020,04/02/2022,Connecticut,Female,18-29 years,11.0,308.0,0.0,0.0,41.603221,-73.087749
01/01/2020,04/02/2022,Connecticut,Female,30-39 years,36.0,584.0,31.0,0.0,41.603221,-73.087749
01/01/2020,04/02/2022,Connecticut,Female,40-49 years,80.0,915.0,48.0,0.0,41.603221,-73.087749
01/01/2020,04/02/2022,Connecticut,Female,50-64 years,509.0,4376.0,382.0,10.0,41.603221,-73.087749
01/01/2020,04/02/2022,Connecticut,Female,65-74 years,781.0,5827.0,563.0,0.0,41.603221,-73.087749
01/01/2020,04/02/2022,Connecticut,Female,75-84 years,1308.0,9281.0,855.0,17.0,41.603221,-73.087749
01/01/2020,04/02/2022,Connecticut,Female,85 years and over,2570.0,18223.0,1337.0,15.0,41.603221,-73.087749
01/01/2020,04/02/2022,Delaware,Male,All Ages,1514.0,13115.0,1304.0,11.0,38.910832,-75.52767
01/01/2020,04/02/2022,Delaware,Male,Under 1 year,0.0,64.0,0.0,0.0,38.910832,-75.52767
01/01/2020,04/02/2022,Delaware,Male,0-17 years,0.0,138.0,0.0,0.0,38.910832,-75.52767
01/01/2020,04/02/2022,Delaware,Male,18-29 years,0.0,299.0,0.0,0.0,38.910832,-75.52767
01/01/2020,04/02/2022,Delaware,Male,30-39 years,26.0,474.0,23.0,0.0,38.910832,-75.52767
01/01/2020,04/02/2022,Delaware,Male,40-49 years,43.0,554.0,34.0,0.0,38.910832,-75.52767
01/01/2020,04/02/2022,Delaware,Male,50-64 years,270.0,2450.0,246.0,0.0,38.910832,-75.52767
01/01/2020,04/02/2022,Delaware,Male,65-74 years,367.0,2962.0,336.0,0.0,38.910832,-75.52767
01/01/2020,04/02/2022,Delaware,Male,75-84 years,472.0,3333.0,404.0,0.0,38.910832,-75.52767
01/01/2020,04/02/2022,Delaware,Male,85 years and over,327.0,2905.0,253.0,0.0,38.910832,-75.52767
01/01/2020,04/02/2022,Delaware,Female,All Ages,1365.0,11913.0,1172.0,16.0,38.910832,-75.52767
01/01/2020,04/02/2022,Delaware,Female,Under 1 year,0.0,71.0,0.0,0.0,38.910832,-75.52767
01/01/2020,04/02/2022,Delaware,Female,0-17 years,0.0,121.0,0.0,0.0,38.910832,-75.52767
01/01/2020,04/02/2022,Delaware,Female,18-29 years,0.0,110.0,0.0,0.0,38.910832,-75.52767
01/01/2020,04/02/2022,Delaware,Female,30-39 years,13.0,217.0,16.0,0.0,38.910832,-75.52767
01/01/2020,04/02/2022,Delaware,Female,40-49 years,36.0,330.0,27.0,0.0,38.910832,-75.52767
01/01/2020,04/02/2022,Delaware,Female,50-64 years,196.0,1575.0,193.0,0.0,38.910832,-75.52767
01/01/2020,04/02/2022,Delaware,Female,65-74 years,282.0,2307.0,294.0,0.0,38.910832,-75.52767
01/01/2020,04/02/2022,Delaware,Female,75-84 years,354.0,3048.0,316.0,0.0,38.910832,-75.52767
01/01/2020,04/02/2022,Delaware,Female,85 years and over,479.0,4205.0,316.0,0.0,38.910832,-75.52767
01/01/2020,04/02/2022,District of Columbia,Male,All Ages,1078.0,8743.0,1287.0,0.0,38.905985,-77.033418
01/01/2020,04/02/2022,District of Columbia,Male,Under 1 year,0.0,139.0,0.0,0.0,38.905985,-77.033418
01/01/2020,04/02/2022,District of Columbia,Male,0-17 years,0.0,239.0,0.0,0.0,38.905985,-77.033418
01/01/2020,04/02/2022,District of Columbia,Male,18-29 years,0.0,366.0,11.0,0.0,38.905985,-77.033418
01/01/2020,04/02/2022,District of Columbia,Male,30-39 years,36.0,502.0,42.0,0.0,38.905985,-77.033418
01/01/2020,04/02/2022,District of Columbia,Male,40-49 years,66.0,590.0,70.0,0.0,38.905985,-77.033418
01/01/2020,04/02/2022,District of Columbia,Male,50-64 years,306.0,2291.0,352.0,0.0,38.905985,-77.033418
01/01/2020,04/02/2022,District of Columbia,Male,65-74 years,296.0,2086.0,360.0,0.0,38.905985,-77.033418
01/01/2020,04/02/2022,District of Columbia,Male,75-84 years,216.0,1547.0,266.0,0.0,38.905985,-77.033418
01/01/2020,04/02/2022,District of Columbia,Male,85 years and over,144.0,1122.0,180.0,0.0,38.905985,-77.033418
01/01/2020,04/02/2022,District of Columbia,Female,All Ages,831.0,7135.0,1053.0,0.0,38.905985,-77.033418
01/01/2020,04/02/2022,District of Columbia,Female,Under 1 year,0.0,103.0,0.0,0.0,38.905985,-77.033418
01/01/2020,04/02/2022,District of Columbia,Female,0-17 years,0.0,183.0,0.0,0.0,38.905985,-77.033418
01/01/2020,04/02/2022,District of Columbia,Female,18-29 years,0.0,112.0,0.0,0.0,38.905985,-77.033418
01/01/2020,04/02/2022,District of Columbia,Female,30-39 years,18.0,194.0,16.0,0.0,38.905985,-77.033418
01/01/2020,04/02/2022,District of Columbia,Female,40-49 years,30.0,316.0,41.0,0.0,38.905985,-77.033418
01/01/2020,04/02/2022,District of Columbia,Female,50-64 years,200.0,1480.0,226.0,0.0,38.905985,-77.033418
01/01/2020,04/02/2022,District of Columbia,Female,65-74 years,210.0,1513.0,266.0,0.0,38.905985,-77.033418
01/01/2020,04/02/2022,District of Columbia,Female,75-84 years,172.0,1431.0,224.0,0.0,38.905985,-77.033418
01/01/2020,04/02/2022,District of Columbia,Female,85 years and over,196.0,1906.0,266.0,0.0,38.905985,-77.033418
01/01/2020,04/02/2022,Florida,Male,All Ages,39222.0,305051.0,41039.0,317.0,27.664827,-81.515754
01/01/2020,04/02/2022,Florida,Male,Under 1 year,0.0,1546.0,17.0,0.0,27.664827,-81.515754
01/01/2020,04/02/2022,Florida,Male,0-17 years,32.0,2820.0,59.0,0.0,27.664827,-81.515754
01/01/2020,04/02/2022,Florida,Male,18-29 years,311.0,6878.0,294.0,0.0,27.664827,-81.515754
01/01/2020,04/02/2022,Florida,Male,30-39 years,801.0,10091.0,752.0,10.0,27.664827,-81.515754
01/01/2020,04/02/2022,Florida,Male,40-49 years,1986.0,13886.0,1706.0,22.0,27.664827,-81.515754
01/01/2020,04/02/2022,Florida,Male,50-64 years,8067.0,56183.0,7710.0,75.0,27.664827,-81.515754
01/01/2020,04/02/2022,Florida,Male,65-74 years,9316.0,66192.0,9887.0,72.0,27.664827,-81.515754
01/01/2020,04/02/2022,Florida,Male,75-84 years,10671.0,78238.0,11633.0,74.0,27.664827,-81.515754
01/01/2020,04/02/2022,Florida,Male,85 years and over,8038.0,70763.0,8998.0,52.0,27.664827,-81.515754
01/01/2020,04/02/2022,Florida,Female,All Ages,29963.0,260708.0,30958.0,298.0,27.664827,-81.515754
01/01/2020,04/02/2022,Florida,Female,Under 1 year,0.0,1209.0,21.0,0.0,27.664827,-81.515754
01/01/2020,04/02/2022,Florida,Female,0-17 years,43.0,2010.0,57.0,0.0,27.664827,-81.515754
01/01/2020,04/02/2022,Florida,Female,18-29 years,176.0,2675.0,182.0,0.0,27.664827,-81.515754
01/01/2020,04/02/2022,Florida,Female,30-39 years,564.0,5060.0,532.0,14.0,27.664827,-81.515754
01/01/2020,04/02/2022,Florida,Female,40-49 years,1210.0,8174.0,1125.0,17.0,27.664827,-81.515754
01/01/2020,04/02/2022,Florida,Female,50-64 years,4980.0,34454.0,5111.0,51.0,27.664827,-81.515754
01/01/2020,04/02/2022,Florida,Female,65-74 years,6278.0,45842.0,6596.0,66.0,27.664827,-81.515754
01/01/2020,04/02/2022,Florida,Female,75-84 years,7803.0,65268.0,8358.0,68.0,27.664827,-81.515754
01/01/2020,04/02/2022,Florida,Female,85 years and over,8909.0,97225.0,8997.0,74.0,27.664827,-81.515754
01/01/2020,04/02/2022,Georgia,Male,All Ages,17279.0,124556.0,14477.0,138.0,32.157435,-82.907123
01/01/2020,04/02/2022,Georgia,Male,Under 1 year,0.0,866.0,0.0,0.0,32.157435,-82.907123
01/01/2020,04/02/2022,Georgia,Male,0-17 years,27.0,1675.0,27.0,0.0,32.157435,-82.907123
01/01/2020,04/02/2022,Georgia,Male,18-29 years,140.0,3684.0,111.0,0.0,32.157435,-82.907123
01/01/2020,04/02/2022,Georgia,Male,30-39 years,401.0,4653.0,273.0,0.0,32.157435,-82.907123
01/01/2020,04/02/2022,Georgia,Male,40-49 years,985.0,7233.0,708.0,0.0,32.157435,-82.907123
01/01/2020,04/02/2022,Georgia,Male,50-64 years,4119.0,27928.0,3269.0,28.0,32.157435,-82.907123
01/01/2020,04/02/2022,Georgia,Male,65-74 years,4648.0,29890.0,3925.0,36.0,32.157435,-82.907123
01/01/2020,04/02/2022,Georgia,Male,75-84 years,4479.0,29393.0,3945.0,32.0,32.157435,-82.907123
01/01/2020,04/02/2022,Georgia,Male,85 years and over,2480.0,20100.0,2219.0,15.0,32.157435,-82.907123
01/01/2020,04/02/2022,Georgia,Female,All Ages,14687.0,114585.0,12022.0,145.0,32.157435,-82.907123
01/01/2020,04/02/2022,Georgia,Female,Under 1 year,0.0,703.0,0.0,0.0,32.157435,-82.907123
01/01/2020,04/02/2022,Georgia,Female,0-17 years,13.0,1191.0,21.0,0.0,32.157435,-82.907123
01/01/2020,04/02/2022,Georgia,Female,18-29 years,120.0,1404.0,84.0,0.0,32.157435,-82.907123
01/01/2020,04/02/2022,Georgia,Female,30-39 years,355.0,2600.0,244.0,0.0,32.157435,-82.907123
01/01/2020,04/02/2022,Georgia,Female,40-49 years,696.0,4672.0,533.0,0.0,32.157435,-82.907123
01/01/2020,04/02/2022,Georgia,Female,50-64 years,2987.0,18719.0,2443.0,38.0,32.157435,-82.907123
01/01/2020,04/02/2022,Georgia,Female,65-74 years,3409.0,23262.0,2872.0,34.0,32.157435,-82.907123
01/01/2020,04/02/2022,Georgia,Female,75-84 years,3763.0,28722.0,3190.0,34.0,32.157435,-82.907123
01/01/2020,04/02/2022,Georgia,Female,85 years and over,3344.0,34015.0,2635.0,21.0,32.157435,-82.907123
01/01/2020,04/02/2022,Hawaii,Male,All Ages,813.0,15061.0,1275.0,17.0,19.898682,-155.665857
01/01/2020,04/02/2022,Hawaii,Male,Under 1 year,0.0,98.0,0.0,0.0,19.898682,-155.665857
01/01/2020,04/02/2022,Hawaii,Male,0-17 years,0.0,152.0,0.0,0.0,19.898682,-155.665857
01/01/2020,04/02/2022,Hawaii,Male,18-29 years,13.0,260.0,0.0,0.0,19.898682,-155.665857
01/01/2020,04/02/2022,Hawaii,Male,30-39 years,29.0,438.0,27.0,0.0,19.898682,-155.665857
01/01/2020,04/02/2022,Hawaii,Male,40-49 years,52.0,698.0,53.0,0.0,19.898682,-155.665857
01/01/2020,04/02/2022,Hawaii,Male,50-64 years,200.0,2784.0,210.0,0.0,19.898682,-155.665857
01/01/2020,04/02/2022,Hawaii,Male,65-74 years,208.0,3433.0,291.0,0.0,19.898682,-155.665857
01/01/2020,04/02/2022,Hawaii,Male,75-84 years,163.0,3405.0,303.0,0.0,19.898682,-155.665857
01/01/2020,04/02/2022,Hawaii,Male,85 years and over,146.0,3891.0,375.0,0.0,19.898682,-155.665857
01/01/2020,04/02/2022,Hawaii,Female,All Ages,535.0,12772.0,908.0,10.0,19.898682,-155.665857
01/01/2020,04/02/2022,Hawaii,Female,Under 1 year,0.0,69.0,0.0,0.0,19.898682,-155.665857
01/01/2020,04/02/2022,Hawaii,Female,0-17 years,0.0,98.0,0.0,0.0,19.898682,-155.665857
01/01/2020,04/02/2022,Hawaii,Female,18-29 years,0.0,103.0,0.0,0.0,19.898682,-155.665857
01/01/2020,04/02/2022,Hawaii,Female,30-39 years,15.0,168.0,11.0,0.0,19.898682,-155.665857
01/01/2020,04/02/2022,Hawaii,Female,40-49 years,32.0,338.0,24.0,0.0,19.898682,-155.665857
01/01/2020,04/02/2022,Hawaii,Female,50-64 years,116.0,1520.0,145.0,0.0,19.898682,-155.665857
01/01/2020,04/02/2022,Hawaii,Female,65-74 years,124.0,2058.0,165.0,0.0,19.898682,-155.665857
01/01/2020,04/02/2022,Hawaii,Female,75-84 years,88.0,2589.0,176.0,0.0,19.898682,-155.665857
01/01/2020,04/02/2022,Hawaii,Female,85 years and over,154.0,5898.0,376.0,0.0,19.898682,-155.665857
01/01/2020,04/02/2022,Idaho,Male,All Ages,2892.0,20815.0,2203.0,25.0,44.068202,-114.742041
01/01/2020,04/02/2022,Idaho,Male,Under 1 year,0.0,106.0,0.0,0.0,44.068202,-114.742041
01/01/2020,04/02/2022,Idaho,Male,0-17 years,0.0,245.0,0.0,0.0,44.068202,-114.742041
01/01/2020,04/02/2022,Idaho,Male,18-29 years,14.0,499.0,0.0,0.0,44.068202,-114.742041
01/01/2020,04/02/2022,Idaho,Male,30-39 years,35.0,617.0,22.0,0.0,44.068202,-114.742041
01/01/2020,04/02/2022,Idaho,Male,40-49 years,111.0,872.0,72.0,0.0,44.068202,-114.742041
01/01/2020,04/02/2022,Idaho,Male,50-64 years,540.0,3517.0,399.0,0.0,44.068202,-114.742041
01/01/2020,04/02/2022,Idaho,Male,65-74 years,688.0,4678.0,542.0,0.0,44.068202,-114.742041
01/01/2020,04/02/2022,Idaho,Male,75-84 years,855.0,5621.0,697.0,0.0,44.068202,-114.742041
01/01/2020,04/02/2022,Idaho,Male,85 years and over,647.0,4766.0,456.0,0.0,44.068202,-114.742041
01/01/2020,04/02/2022,Idaho,Female,All Ages,2043.0,18017.0,1637.0,17.0,44.068202,-114.742041
01/01/2020,04/02/2022,Idaho,Female,Under 1 year,0.0,89.0,0.0,0.0,44.068202,-114.742041
01/01/2020,04/02/2022,Idaho,Female,0-17 years,0.0,164.0,0.0,0.0,44.068202,-114.742041
01/01/2020,04/02/2022,Idaho,Female,18-29 years,0.0,168.0,0.0,0.0,44.068202,-114.742041
01/01/2020,04/02/2022,Idaho,Female,30-39 years,24.0,316.0,23.0,0.0,44.068202,-114.742041
01/01/2020,04/02/2022,Idaho,Female,40-49 years,67.0,511.0,43.0,0.0,44.068202,-114.742041
01/01/2020,04/02/2022,Idaho,Female,50-64 years,288.0,2315.0,252.0,0.0,44.068202,-114.742041
01/01/2020,04/02/2022,Idaho,Female,65-74 years,473.0,3361.0,416.0,0.0,44.068202,-114.742041
01/01/2020,04/02/2022,Idaho,Female,75-84 years,526.0,4616.0,435.0,0.0,44.068202,-114.742041
01/01/2020,04/02/2022,Idaho,Female,85 years and over,658.0,6566.0,458.0,0.0,44.068202,-114.742041
01/01/2020,04/02/2022,Illinois,Male,All Ages,18680.0,145643.0,17078.0,112.0,40.633125,-89.398528
01/01/2020,04/02/2022,Illinois,Male,Under 1 year,0.0,847.0,16.0,0.0,40.633125,-89.398528
01/01/2020,04/02/2022,Illinois,Male,0-17 years,18.0,1573.0,27.0,0.0,40.633125,-89.398528
01/01/2020,04/02/2022,Illinois,Male,18-29 years,121.0,3970.0,104.0,0.0,40.633125,-89.398528
01/01/2020,04/02/2022,Illinois,Male,30-39 years,332.0,4855.0,255.0,0.0,40.633125,-89.398528
01/01/2020,04/02/2022,Illinois,Male,40-49 years,852.0,7097.0,595.0,0.0,40.633125,-89.398528
01/01/2020,04/02/2022,Illinois,Male,50-64 years,3626.0,28676.0,3116.0,24.0,40.633125,-89.398528
01/01/2020,04/02/2022,Illinois,Male,65-74 years,4543.0,32247.0,4236.0,23.0,40.633125,-89.398528
01/01/2020,04/02/2022,Illinois,Male,75-84 years,4897.0,34308.0,4753.0,27.0,40.633125,-89.398528
01/01/2020,04/02/2022,Illinois,Male,85 years and over,4291.0,32917.0,3992.0,27.0,40.633125,-89.398528
01/01/2020,04/02/2022,Illinois,Female,All Ages,15289.0,134897.0,13803.0,146.0,40.633125,-89.398528
01/01/2020,04/02/2022,Illinois,Female,Under 1 year,0.0,656.0,0.0,0.0,40.633125,-89.398528
01/01/2020,04/02/2022,Illinois,Female,0-17 years,11.0,1097.0,24.0,0.0,40.633125,-89.398528
01/01/2020,04/02/2022,Illinois,Female,18-29 years,64.0,1342.0,63.0,0.0,40.633125,-89.398528
01/01/2020,04/02/2022,Illinois,Female,30-39 years,206.0,2129.0,157.0,0.0,40.633125,-89.398528
01/01/2020,04/02/2022,Illinois,Female,40-49 years,412.0,3794.0,360.0,0.0,40.633125,-89.398528
01/01/2020,04/02/2022,Illinois,Female,50-64 years,2022.0,17393.0,1970.0,26.0,40.633125,-89.398528
01/01/2020,04/02/2022,Illinois,Female,65-74 years,2958.0,23591.0,2810.0,18.0,40.633125,-89.398528
01/01/2020,04/02/2022,Illinois,Female,75-84 years,3860.0,32580.0,3704.0,36.0,40.633125,-89.398528
01/01/2020,04/02/2022,Illinois,Female,85 years and over,5756.0,52971.0,4715.0,56.0,40.633125,-89.398528
01/01/2020,04/02/2022,Indiana,Male,All Ages,12446.0,91421.0,11700.0,105.0,40.551217,-85.602364
01/01/2020,04/02/2022,Indiana,Male,Under 1 year,0.0,574.0,0.0,0.0,40.551217,-85.602364
01/01/2020,04/02/2022,Indiana,Male,0-17 years,15.0,1080.0,27.0,0.0,40.551217,-85.602364
01/01/2020,04/02/2022,Indiana,Male,18-29 years,58.0,2555.0,59.0,0.0,40.551217,-85.602364
01/01/2020,04/02/2022,Indiana,Male,30-39 years,170.0,3191.0,159.0,0.0,40.551217,-85.602364
01/01/2020,04/02/2022,Indiana,Male,40-49 years,488.0,4520.0,454.0,0.0,40.551217,-85.602364
01/01/2020,04/02/2022,Indiana,Male,50-64 years,2350.0,18210.0,2227.0,22.0,40.551217,-85.602364
01/01/2020,04/02/2022,Indiana,Male,65-74 years,3081.0,21212.0,3051.0,22.0,40.551217,-85.602364
01/01/2020,04/02/2022,Indiana,Male,75-84 years,3527.0,22283.0,3356.0,29.0,40.551217,-85.602364
01/01/2020,04/02/2022,Indiana,Male,85 years and over,2757.0,18370.0,2367.0,19.0,40.551217,-85.602364
01/01/2020,04/02/2022,Indiana,Female,All Ages,10974.0,84704.0,9470.0,133.0,40.551217,-85.602364
01/01/2020,04/02/2022,Indiana,Female,Under 1 year,0.0,494.0,0.0,0.0,40.551217,-85.602364
01/01/2020,04/02/2022,Indiana,Female,0-17 years,15.0,784.0,18.0,0.0,40.551217,-85.602364
01/01/2020,04/02/2022,Indiana,Female,18-29 years,46.0,992.0,52.0,0.0,40.551217,-85.602364
01/01/2020,04/02/2022,Indiana,Female,30-39 years,120.0,1599.0,104.0,0.0,40.551217,-85.602364
01/01/2020,04/02/2022,Indiana,Female,40-49 years,287.0,2658.0,289.0,0.0,40.551217,-85.602364
01/01/2020,04/02/2022,Indiana,Female,50-64 years,1583.0,11788.0,1638.0,28.0,40.551217,-85.602364
01/01/2020,04/02/2022,Indiana,Female,65-74 years,2211.0,16021.0,2154.0,21.0,40.551217,-85.602364
01/01/2020,04/02/2022,Indiana,Female,75-84 years,2891.0,21137.0,2520.0,31.0,40.551217,-85.602364
01/01/2020,04/02/2022,Indiana,Female,85 years and over,3821.0,29725.0,2695.0,39.0,40.551217,-85.602364
01/01/2020,04/02/2022,Iowa,Male,All Ages,5088.0,39878.0,4003.0,60.0,41.878003,-93.097702
01/01/2020,04/02/2022,Iowa,Male,Under 1 year,0.0,170.0,0.0,0.0,41.878003,-93.097702
01/01/2020,04/02/2022,Iowa,Male,0-17 years,0.0,361.0,0.0,0.0,41.878003,-93.097702
01/01/2020,04/02/2022,Iowa,Male,18-29 years,12.0,698.0,10.0,0.0,41.878003,-93.097702
01/01/2020,04/02/2022,Iowa,Male,30-39 years,64.0,918.0,34.0,0.0,41.878003,-93.097702
01/01/2020,04/02/2022,Iowa,Male,40-49 years,139.0,1510.0,107.0,0.0,41.878003,-93.097702
01/01/2020,04/02/2022,Iowa,Male,50-64 years,855.0,6980.0,651.0,10.0,41.878003,-93.097702
01/01/2020,04/02/2022,Iowa,Male,65-74 years,1086.0,8802.0,913.0,15.0,41.878003,-93.097702
01/01/2020,04/02/2022,Iowa,Male,75-84 years,1449.0,10056.0,1120.0,17.0,41.878003,-93.097702
01/01/2020,04/02/2022,Iowa,Male,85 years and over,1480.0,10553.0,1160.0,14.0,41.878003,-93.097702
01/01/2020,04/02/2022,Iowa,Female,All Ages,4376.0,37810.0,3267.0,87.0,41.878003,-93.097702
01/01/2020,04/02/2022,Iowa,Female,Under 1 year,0.0,130.0,0.0,0.0,41.878003,-93.097702
01/01/2020,04/02/2022,Iowa,Female,0-17 years,0.0,232.0,0.0,0.0,41.878003,-93.097702
01/01/2020,04/02/2022,Iowa,Female,18-29 years,22.0,255.0,13.0,0.0,41.878003,-93.097702
01/01/2020,04/02/2022,Iowa,Female,30-39 years,43.0,463.0,22.0,0.0,41.878003,-93.097702
01/01/2020,04/02/2022,Iowa,Female,40-49 years,104.0,841.0,64.0,0.0,41.878003,-93.097702
01/01/2020,04/02/2022,Iowa,Female,50-64 years,496.0,4243.0,416.0,11.0,41.878003,-93.097702
01/01/2020,04/02/2022,Iowa,Female,65-74 years,749.0,6219.0,631.0,17.0,41.878003,-93.097702
01/01/2020,04/02/2022,Iowa,Female,75-84 years,1068.0,9071.0,830.0,15.0,41.878003,-93.097702
01/01/2020,04/02/2022,Iowa,Female,85 years and over,1890.0,16486.0,1286.0,40.0,41.878003,-93.097702
01/01/2020,04/02/2022,Kansas,Male,All Ages,4885.0,36836.0,3965.0,76.0,39.011902,-98.484246
01/01/2020,04/02/2022,Kansas,Male,Under 1 year,0.0,218.0,0.0,0.0,39.011902,-98.484246
01/01/2020,04/02/2022,Kansas,Male,0-17 years,0.0,426.0,0.0,0.0,39.011902,-98.484246
01/01/2020,04/02/2022,Kansas,Male,18-29 years,34.0,947.0,27.0,0.0,39.011902,-98.484246
01/01/2020,04/02/2022,Kansas,Male,30-39 years,80.0,1112.0,72.0,0.0,39.011902,-98.484246
01/01/2020,04/02/2022,Kansas,Male,40-49 years,216.0,1650.0,139.0,0.0,39.011902,-98.484246
01/01/2020,04/02/2022,Kansas,Male,50-64 years,891.0,6618.0,682.0,12.0,39.011902,-98.484246
01/01/2020,04/02/2022,Kansas,Male,65-74 years,1111.0,8318.0,972.0,16.0,39.011902,-98.484246
01/01/2020,04/02/2022,Kansas,Male,75-84 years,1363.0,8945.0,1112.0,23.0,39.011902,-98.484246
01/01/2020,04/02/2022,Kansas,Male,85 years and over,1186.0,8820.0,952.0,17.0,39.011902,-98.484246
01/01/2020,04/02/2022,Kansas,Female,All Ages,3932.0,33582.0,3168.0,86.0,39.011902,-98.484246
01/01/2020,04/02/2022,Kansas,Female,Under 1 year,0.0,164.0,0.0,0.0,39.011902,-98.484246
01/01/2020,04/02/2022,Kansas,Female,0-17 years,0.0,285.0,0.0,0.0,39.011902,-98.484246
01/01/2020,04/02/2022,Kansas,Female,18-29 years,14.0,325.0,0.0,0.0,39.011902,-98.484246
01/01/2020,04/02/2022,Kansas,Female,30-39 years,46.0,558.0,32.0,0.0,39.011902,-98.484246
01/01/2020,04/02/2022,Kansas,Female,40-49 years,133.0,1013.0,90.0,0.0,39.011902,-98.484246
01/01/2020,04/02/2022,Kansas,Female,50-64 years,575.0,4391.0,500.0,12.0,39.011902,-98.484246
01/01/2020,04/02/2022,Kansas,Female,65-74 years,785.0,5803.0,660.0,15.0,39.011902,-98.484246
01/01/2020,04/02/2022,Kansas,Female,75-84 years,926.0,7964.0,805.0,25.0,39.011902,-98.484246
01/01/2020,04/02/2022,Kansas,Female,85 years and over,1448.0,13243.0,1066.0,26.0,39.011902,-98.484246
01/01/2020,04/02/2022,Kentucky,Male,All Ages,8430.0,67412.0,8977.0,87.0,37.839333,-84.270018
01/01/2020,04/02/2022,Kentucky,Male,Under 1 year,0.0,345.0,0.0,0.0,37.839333,-84.270018
01/01/2020,04/02/2022,Kentucky,Male,0-17 years,0.0,632.0,0.0,0.0,37.839333,-84.270018
01/01/2020,04/02/2022,Kentucky,Male,18-29 years,51.0,1723.0,39.0,0.0,37.839333,-84.270018
01/01/2020,04/02/2022,Kentucky,Male,30-39 years,140.0,2718.0,132.0,0.0,37.839333,-84.270018
01/01/2020,04/02/2022,Kentucky,Male,40-49 years,361.0,3964.0,345.0,0.0,37.839333,-84.270018
01/01/2020,04/02/2022,Kentucky,Male,50-64 years,1814.0,15135.0,1867.0,26.0,37.839333,-84.270018
01/01/2020,04/02/2022,Kentucky,Male,65-74 years,2280.0,16189.0,2477.0,26.0,37.839333,-84.270018
01/01/2020,04/02/2022,Kentucky,Male,75-84 years,2306.0,15990.0,2577.0,16.0,37.839333,-84.270018
01/01/2020,04/02/2022,Kentucky,Male,85 years and over,1472.0,11061.0,1533.0,14.0,37.839333,-84.270018
01/01/2020,04/02/2022,Kentucky,Female,All Ages,7674.0,61193.0,7698.0,92.0,37.839333,-84.270018
01/01/2020,04/02/2022,Kentucky,Female,Under 1 year,0.0,281.0,0.0,0.0,37.839333,-84.270018
01/01/2020,04/02/2022,Kentucky,Female,0-17 years,0.0,485.0,12.0,0.0,37.839333,-84.270018
01/01/2020,04/02/2022,Kentucky,Female,18-29 years,30.0,716.0,33.0,0.0,37.839333,-84.270018
01/01/2020,04/02/2022,Kentucky,Female,30-39 years,93.0,1309.0,89.0,0.0,37.839333,-84.270018
01/01/2020,04/02/2022,Kentucky,Female,40-49 years,258.0,2420.0,275.0,0.0,37.839333,-84.270018
01/01/2020,04/02/2022,Kentucky,Female,50-64 years,1312.0,10049.0,1424.0,20.0,37.839333,-84.270018
01/01/2020,04/02/2022,Kentucky,Female,65-74 years,1719.0,12580.0,1889.0,23.0,37.839333,-84.270018
01/01/2020,04/02/2022,Kentucky,Female,75-84 years,2045.0,15561.0,2133.0,20.0,37.839333,-84.270018
01/01/2020,04/02/2022,Kentucky,Female,85 years and over,2213.0,18073.0,1843.0,18.0,37.839333,-84.270018
01/01/2020,04/02/2022,Louisiana,Male,All Ages,8493.0,66698.0,6831.0,62.0,31.244823,-92.145024
01/01/2020,04/02/2022,Louisiana,Male,Under 1 year,0.0,452.0,0.0,0.0,31.244823,-92.145024
01/01/2020,04/02/2022,Louisiana,Male,0-17 years,12.0,926.0,24.0,0.0,31.244823,-92.145024
01/01/2020,04/02/2022,Louisiana,Male,18-29 years,67.0,2131.0,54.0,0.0,31.244823,-92.145024
01/01/2020,04/02/2022,Louisiana,Male,30-39 years,190.0,2911.0,128.0,0.0,31.244823,-92.145024
01/01/2020,04/02/2022,Louisiana,Male,40-49 years,449.0,4078.0,296.0,0.0,31.244823,-92.145024
01/01/2020,04/02/2022,Louisiana,Male,50-64 years,1923.0,14731.0,1482.0,19.0,31.244823,-92.145024
01/01/2020,04/02/2022,Louisiana,Male,65-74 years,2304.0,15965.0,1908.0,16.0,31.244823,-92.145024
01/01/2020,04/02/2022,Louisiana,Male,75-84 years,2215.0,15034.0,1804.0,13.0,31.244823,-92.145024
01/01/2020,04/02/2022,Louisiana,Male,85 years and over,1333.0,10922.0,1135.0,0.0,31.244823,-92.145024
01/01/2020,04/02/2022,Louisiana,Female,All Ages,7105.0,58273.0,5732.0,64.0,31.244823,-92.145024
01/01/2020,04/02/2022,Louisiana,Female,Under 1 year,0.0,390.0,10.0,0.0,31.244823,-92.145024
01/01/2020,04/02/2022,Louisiana,Female,0-17 years,0.0,654.0,21.0,0.0,31.244823,-92.145024
01/01/2020,04/02/2022,Louisiana,Female,18-29 years,54.0,801.0,48.0,0.0,31.244823,-92.145024
01/01/2020,04/02/2022,Louisiana,Female,30-39 years,152.0,1483.0,119.0,0.0,31.244823,-92.145024
01/01/2020,04/02/2022,Louisiana,Female,40-49 years,310.0,2313.0,213.0,0.0,31.244823,-92.145024
01/01/2020,04/02/2022,Louisiana,Female,50-64 years,1357.0,9417.0,1100.0,16.0,31.244823,-92.145024
01/01/2020,04/02/2022,Louisiana,Female,65-74 years,1650.0,11667.0,1344.0,12.0,31.244823,-92.145024
01/01/2020,04/02/2022,Louisiana,Female,75-84 years,1833.0,14390.0,1491.0,15.0,31.244823,-92.145024
01/01/2020,04/02/2022,Louisiana,Female,85 years and over,1740.0,17548.0,1396.0,11.0,31.244823,-92.145024
01/01/2020,04/02/2022,Maine,Male,All Ages,1263.0,19423.0,1513.0,19.0,45.253783,-69.445469
01/01/2020,04/02/2022,Maine,Male,Under 1 year,0.0,74.0,0.0,0.0,45.253783,-69.445469
01/01/2020,04/02/2022,Maine,Male,0-17 years,0.0,144.0,0.0,0.0,45.253783,-69.445469
01/01/2020,04/02/2022,Maine,Male,18-29 years,0.0,329.0,0.0,0.0,45.253783,-69.445469
01/01/2020,04/02/2022,Maine,Male,30-39 years,13.0,610.0,11.0,0.0,45.253783,-69.445469
01/01/2020,04/02/2022,Maine,Male,40-49 years,46.0,845.0,29.0,0.0,45.253783,-69.445469
01/01/2020,04/02/2022,Maine,Male,50-64 years,242.0,3656.0,221.0,0.0,45.253783,-69.445469
01/01/2020,04/02/2022,Maine,Male,65-74 years,313.0,4299.0,348.0,0.0,45.253783,-69.445469
01/01/2020,04/02/2022,Maine,Male,75-84 years,368.0,4944.0,470.0,0.0,45.253783,-69.445469
01/01/2020,04/02/2022,Maine,Male,85 years and over,275.0,4596.0,427.0,0.0,45.253783,-69.445469
01/01/2020,04/02/2022,Maine,Female,All Ages,1154.0,17543.0,1133.0,22.0,45.253783,-69.445469
01/01/2020,04/02/2022,Maine,Female,Under 1 year,0.0,67.0,0.0,0.0,45.253783,-69.445469
01/01/2020,04/02/2022,Maine,Female,0-17 years,0.0,96.0,0.0,0.0,45.253783,-69.445469
01/01/2020,04/02/2022,Maine,Female,18-29 years,0.0,109.0,0.0,0.0,45.253783,-69.445469
01/01/2020,04/02/2022,Maine,Female,30-39 years,12.0,253.0,10.0,0.0,45.253783,-69.445469
01/01/2020,04/02/2022,Maine,Female,40-49 years,30.0,432.0,29.0,0.0,45.253783,-69.445469
01/01/2020,04/02/2022,Maine,Female,50-64 years,132.0,1991.0,148.0,0.0,45.253783,-69.445469
01/01/2020,04/02/2022,Maine,Female,65-74 years,192.0,3044.0,220.0,0.0,45.253783,-69.445469
01/01/2020,04/02/2022,Maine,Female,75-84 years,332.0,4492.0,327.0,0.0,45.253783,-69.445469
01/01/2020,04/02/2022,Maine,Female,85 years and over,451.0,7126.0,394.0,13.0,45.253783,-69.445469
01/01/2020,04/02/2022,Maryland,Male,All Ages,8045.0,67369.0,7141.0,84.0,39.045755,-76.641271
01/01/2020,04/02/2022,Maryland,Male,Under 1 year,0.0,417.0,0.0,0.0,39.045755,-76.641271
01/01/2020,04/02/2022,Maryland,Male,0-17 years,0.0,677.0,0.0,0.0,39.045755,-76.641271
01/01/2020,04/02/2022,Maryland,Male,18-29 years,56.0,2019.0,54.0,0.0,39.045755,-76.641271
01/01/2020,04/02/2022,Maryland,Male,30-39 years,152.0,2747.0,118.0,0.0,39.045755,-76.641271
01/01/2020,04/02/2022,Maryland,Male,40-49 years,365.0,3479.0,244.0,0.0,39.045755,-76.641271
01/01/2020,04/02/2022,Maryland,Male,50-64 years,1647.0,13505.0,1298.0,19.0,39.045755,-76.641271
01/01/2020,04/02/2022,Maryland,Male,65-74 years,1867.0,14513.0,1686.0,11.0,39.045755,-76.641271
01/01/2020,04/02/2022,Maryland,Male,75-84 years,2141.0,15611.0,2005.0,21.0,39.045755,-76.641271
01/01/2020,04/02/2022,Maryland,Male,85 years and over,1809.0,14818.0,1729.0,21.0,39.045755,-76.641271
01/01/2020,04/02/2022,Maryland,Female,All Ages,7259.0,63746.0,6164.0,91.0,39.045755,-76.641271
01/01/2020,04/02/2022,Maryland,Female,Under 1 year,0.0,344.0,0.0,0.0,39.045755,-76.641271
01/01/2020,04/02/2022,Maryland,Female,0-17 years,11.0,515.0,0.0,0.0,39.045755,-76.641271
01/01/2020,04/02/2022,Maryland,Female,18-29 years,32.0,682.0,30.0,0.0,39.045755,-76.641271
01/01/2020,04/02/2022,Maryland,Female,30-39 years,88.0,1310.0,82.0,0.0,39.045755,-76.641271
01/01/2020,04/02/2022,Maryland,Female,40-49 years,220.0,1972.0,168.0,0.0,39.045755,-76.641271
01/01/2020,04/02/2022,Maryland,Female,50-64 years,1076.0,8846.0,907.0,18.0,39.045755,-76.641271
01/01/2020,04/02/2022,Maryland,Female,65-74 years,1471.0,11334.0,1274.0,18.0,39.045755,-76.641271
01/01/2020,04/02/2022,Maryland,Female,75-84 years,1851.0,15402.0,1638.0,26.0,39.045755,-76.641271
01/01/2020,04/02/2022,Maryland,Female,85 years and over,2510.0,23685.0,2057.0,24.0,39.045755,-76.641271
01/01/2020,04/02/2022,Massachusetts,Male,All Ages,9295.0,75328.0,8285.0,138.0,42.407211,-71.382437
01/01/2020,04/02/2022,Massachusetts,Male,Under 1 year,0.0,313.0,0.0,0.0,42.407211,-71.382437
01/01/2020,04/02/2022,Massachusetts,Male,0-17 years,0.0,529.0,11.0,0.0,42.407211,-71.382437
01/01/2020,04/02/2022,Massachusetts,Male,18-29 years,40.0,1363.0,26.0,0.0,42.407211,-71.382437
01/01/2020,04/02/2022,Massachusetts,Male,30-39 years,96.0,2415.0,79.0,0.0,42.407211,-71.382437
01/01/2020,04/02/2022,Massachusetts,Male,40-49 years,217.0,3145.0,157.0,0.0,42.407211,-71.382437
01/01/2020,04/02/2022,Massachusetts,Male,50-64 years,1337.0,13187.0,1207.0,32.0,42.407211,-71.382437
01/01/2020,04/02/2022,Massachusetts,Male,65-74 years,2000.0,15772.0,1883.0,29.0,42.407211,-71.382437
01/01/2020,04/02/2022,Massachusetts,Male,75-84 years,2624.0,18426.0,2359.0,35.0,42.407211,-71.382437
01/01/2020,04/02/2022,Massachusetts,Male,85 years and over,2972.0,20491.0,2563.0,29.0,42.407211,-71.382437
01/01/2020,04/02/2022,Massachusetts,Female,All Ages,8752.0,73657.0,6857.0,118.0,42.407211,-71.382437
01/01/2020,04/02/2022,Massachusetts,Female,Under 1 year,0.0,247.0,0.0,0.0,42.407211,-71.382437
01/01/2020,04/02/2022,Massachusetts,Female,0-17 years,0.0,402.0,0.0,0.0,42.407211,-71.382437
01/01/2020,04/02/2022,Massachusetts,Female,18-29 years,19.0,513.0,17.0,0.0,42.407211,-71.382437
01/01/2020,04/02/2022,Massachusetts,Female,30-39 years,42.0,1143.0,41.0,0.0,42.407211,-71.382437
01/01/2020,04/02/2022,Massachusetts,Female,40-49 years,110.0,1644.0,91.0,0.0,42.407211,-71.382437
01/01/2020,04/02/2022,Massachusetts,Female,50-64 years,749.0,7951.0,681.0,16.0,42.407211,-71.382437
01/01/2020,04/02/2022,Massachusetts,Female,65-74 years,1278.0,11334.0,1168.0,18.0,42.407211,-71.382437
01/01/2020,04/02/2022,Massachusetts,Female,75-84 years,2203.0,17684.0,1877.0,31.0,42.407211,-71.382437
01/01/2020,04/02/2022,Massachusetts,Female,85 years and over,4345.0,32986.0,2976.0,48.0,42.407211,-71.382437
01/01/2020,04/02/2022,Michigan,Male,All Ages,17308.0,134414.0,15557.0,162.0,44.314844,-85.602364
01/01/2020,04/02/2022,Michigan,Male,Under 1 year,0.0,776.0,10.0,0.0,44.314844,-85.602364
01/01/2020,04/02/2022,Michigan,Male,0-17 years,0.0,1359.0,22.0,0.0,44.314844,-85.602364
01/01/2020,04/02/2022,Michigan,Male,18-29 years,103.0,2888.0,106.0,0.0,44.314844,-85.602364
01/01/2020,04/02/2022,Michigan,Male,30-39 years,278.0,4168.0,228.0,0.0,44.314844,-85.602364
01/01/2020,04/02/2022,Michigan,Male,40-49 years,738.0,6206.0,582.0,0.0,44.314844,-85.602364
01/01/2020,04/02/2022,Michigan,Male,50-64 years,3454.0,26441.0,2970.0,39.0,44.314844,-85.602364
01/01/2020,04/02/2022,Michigan,Male,65-74 years,4451.0,31210.0,4083.0,46.0,44.314844,-85.602364
01/01/2020,04/02/2022,Michigan,Male,75-84 years,4716.0,32647.0,4342.0,34.0,44.314844,-85.602364
01/01/2020,04/02/2022,Michigan,Male,85 years and over,3560.0,29495.0,3224.0,26.0,44.314844,-85.602364
01/01/2020,04/02/2022,Michigan,Female,All Ages,14210.0,123181.0,12324.0,171.0,44.314844,-85.602364
01/01/2020,04/02/2022,Michigan,Female,Under 1 year,0.0,668.0,0.0,0.0,44.314844,-85.602364
01/01/2020,04/02/2022,Michigan,Female,0-17 years,18.0,1050.0,17.0,0.0,44.314844,-85.602364
01/01/2020,04/02/2022,Michigan,Female,18-29 years,73.0,1177.0,72.0,0.0,44.314844,-85.602364
01/01/2020,04/02/2022,Michigan,Female,30-39 years,181.0,2125.0,161.0,0.0,44.314844,-85.602364
01/01/2020,04/02/2022,Michigan,Female,40-49 years,446.0,3534.0,376.0,0.0,44.314844,-85.602364
01/01/2020,04/02/2022,Michigan,Female,50-64 years,2243.0,16387.0,1997.0,42.0,44.314844,-85.602364
01/01/2020,04/02/2022,Michigan,Female,65-74 years,3073.0,22850.0,2937.0,42.0,44.314844,-85.602364
01/01/2020,04/02/2022,Michigan,Female,75-84 years,3611.0,30095.0,3191.0,42.0,44.314844,-85.602364
01/01/2020,04/02/2022,Michigan,Female,85 years and over,4565.0,45963.0,3573.0,34.0,44.314844,-85.602364
01/01/2020,04/02/2022,Minnesota,Male,All Ages,6880.0,59636.0,5713.0,100.0,46.729553,-94.6859
01/01/2020,04/02/2022,Minnesota,Male,Under 1 year,0.0,374.0,0.0,0.0,46.729553,-94.6859
01/01/2020,04/02/2022,Minnesota,Male,0-17 years,0.0,682.0,22.0,0.0,46.729553,-94.6859
01/01/2020,04/02/2022,Minnesota,Male,18-29 years,38.0,1326.0,25.0,0.0,46.729553,-94.6859
01/01/2020,04/02/2022,Minnesota,Male,30-39 years,109.0,1780.0,88.0,0.0,46.729553,-94.6859
01/01/2020,04/02/2022,Minnesota,Male,40-49 years,220.0,2352.0,170.0,0.0,46.729553,-94.6859
01/01/2020,04/02/2022,Minnesota,Male,50-64 years,1169.0,10161.0,881.0,22.0,46.729553,-94.6859
01/01/2020,04/02/2022,Minnesota,Male,65-74 years,1449.0,12505.0,1287.0,22.0,46.729553,-94.6859
01/01/2020,04/02/2022,Minnesota,Male,75-84 years,1912.0,14837.0,1611.0,25.0,46.729553,-94.6859
01/01/2020,04/02/2022,Minnesota,Male,85 years and over,1977.0,15993.0,1629.0,21.0,46.729553,-94.6859
01/01/2020,04/02/2022,Minnesota,Female,All Ages,5695.0,55584.0,4498.0,96.0,46.729553,-94.6859
01/01/2020,04/02/2022,Minnesota,Female,Under 1 year,0.0,265.0,0.0,0.0,46.729553,-94.6859
01/01/2020,04/02/2022,Minnesota,Female,0-17 years,0.0,482.0,15.0,0.0,46.729553,-94.6859
01/01/2020,04/02/2022,Minnesota,Female,18-29 years,17.0,494.0,20.0,0.0,46.729553,-94.6859
01/01/2020,04/02/2022,Minnesota,Female,30-39 years,58.0,887.0,32.0,0.0,46.729553,-94.6859
01/01/2020,04/02/2022,Minnesota,Female,40-49 years,113.0,1369.0,102.0,0.0,46.729553,-94.6859
01/01/2020,04/02/2022,Minnesota,Female,50-64 years,629.0,6188.0,576.0,20.0,46.729553,-94.6859
01/01/2020,04/02/2022,Minnesota,Female,65-74 years,901.0,8851.0,797.0,17.0,46.729553,-94.6859
01/01/2020,04/02/2022,Minnesota,Female,75-84 years,1439.0,13494.0,1191.0,20.0,46.729553,-94.6859
01/01/2020,04/02/2022,Minnesota,Female,85 years and over,2532.0,23819.0,1765.0,26.0,46.729553,-94.6859
01/01/2020,04/02/2022,Mississippi,Male,All Ages,6770.0,46659.0,6367.0,59.0,32.354668,-89.398528
01/01/2020,04/02/2022,Mississippi,Male,Under 1 year,0.0,328.0,0.0,0.0,32.354668,-89.398528
01/01/2020,04/02/2022,Mississippi,Male,0-17 years,0.0,670.0,0.0,0.0,32.354668,-89.398528
01/01/2020,04/02/2022,Mississippi,Male,18-29 years,46.0,1347.0,41.0,0.0,32.354668,-89.398528
01/01/2020,04/02/2022,Mississippi,Male,30-39 years,161.0,1703.0,127.0,0.0,32.354668,-89.398528
01/01/2020,04/02/2022,Mississippi,Male,40-49 years,369.0,2756.0,298.0,0.0,32.354668,-89.398528
01/01/2020,04/02/2022,Mississippi,Male,50-64 years,1527.0,10567.0,1419.0,14.0,32.354668,-89.398528
01/01/2020,04/02/2022,Mississippi,Male,65-74 years,1867.0,11634.0,1773.0,15.0,32.354668,-89.398528
01/01/2020,04/02/2022,Mississippi,Male,75-84 years,1778.0,10855.0,1692.0,13.0,32.354668,-89.398528
01/01/2020,04/02/2022,Mississippi,Male,85 years and over,1018.0,7127.0,1009.0,0.0,32.354668,-89.398528
01/01/2020,04/02/2022,Mississippi,Female,All Ages,6249.0,42366.0,5471.0,56.0,32.354668,-89.398528
01/01/2020,04/02/2022,Mississippi,Female,Under 1 year,0.0,248.0,0.0,0.0,32.354668,-89.398528
01/01/2020,04/02/2022,Mississippi,Female,0-17 years,0.0,424.0,0.0,0.0,32.354668,-89.398528
01/01/2020,04/02/2022,Mississippi,Female,18-29 years,52.0,529.0,40.0,0.0,32.354668,-89.398528
01/01/2020,04/02/2022,Mississippi,Female,30-39 years,162.0,966.0,115.0,0.0,32.354668,-89.398528
01/01/2020,04/02/2022,Mississippi,Female,40-49 years,326.0,1853.0,238.0,0.0,32.354668,-89.398528
01/01/2020,04/02/2022,Mississippi,Female,50-64 years,1248.0,7145.0,1115.0,18.0,32.354668,-89.398528
01/01/2020,04/02/2022,Mississippi,Female,65-74 years,1412.0,8713.0,1317.0,0.0,32.354668,-89.398528
01/01/2020,04/02/2022,Mississippi,Female,75-84 years,1562.0,10574.0,1387.0,13.0,32.354668,-89.398528
01/01/2020,04/02/2022,Mississippi,Female,85 years and over,1485.0,12162.0,1251.0,0.0,32.354668,-89.398528
01/01/2020,04/02/2022,Missouri,Male,All Ages,10915.0,89419.0,9415.0,132.0,37.964253,-91.831833
01/01/2020,04/02/2022,Missouri,Male,Under 1 year,0.0,564.0,0.0,0.0,37.964253,-91.831833
01/01/2020,04/02/2022,Missouri,Male,0-17 years,16.0,1139.0,24.0,0.0,37.964253,-91.831833
01/01/2020,04/02/2022,Missouri,Male,18-29 years,63.0,2455.0,48.0,0.0,37.964253,-91.831833
01/01/2020,04/02/2022,Missouri,Male,30-39 years,166.0,3129.0,145.0,0.0,37.964253,-91.831833
01/01/2020,04/02/2022,Missouri,Male,40-49 years,432.0,4292.0,334.0,0.0,37.964253,-91.831833
01/01/2020,04/02/2022,Missouri,Male,50-64 years,2254.0,18039.0,1880.0,30.0,37.964253,-91.831833
01/01/2020,04/02/2022,Missouri,Male,65-74 years,2592.0,20499.0,2291.0,30.0,37.964253,-91.831833
01/01/2020,04/02/2022,Missouri,Male,75-84 years,3055.0,21662.0,2682.0,29.0,37.964253,-91.831833
01/01/2020,04/02/2022,Missouri,Male,85 years and over,2337.0,18204.0,2011.0,23.0,37.964253,-91.831833
01/01/2020,04/02/2022,Missouri,Female,All Ages,9365.0,80901.0,7782.0,145.0,37.964253,-91.831833
01/01/2020,04/02/2022,Missouri,Female,Under 1 year,0.0,462.0,0.0,0.0,37.964253,-91.831833
01/01/2020,04/02/2022,Missouri,Female,0-17 years,0.0,783.0,19.0,0.0,37.964253,-91.831833
01/01/2020,04/02/2022,Missouri,Female,18-29 years,49.0,911.0,34.0,0.0,37.964253,-91.831833
01/01/2020,04/02/2022,Missouri,Female,30-39 years,108.0,1491.0,91.0,0.0,37.964253,-91.831833
01/01/2020,04/02/2022,Missouri,Female,40-49 years,334.0,2501.0,247.0,0.0,37.964253,-91.831833
01/01/2020,04/02/2022,Missouri,Female,50-64 years,1420.0,11626.0,1247.0,24.0,37.964253,-91.831833
01/01/2020,04/02/2022,Missouri,Female,65-74 years,2027.0,15382.0,1774.0,28.0,37.964253,-91.831833
01/01/2020,04/02/2022,Missouri,Female,75-84 years,2309.0,20094.0,2074.0,40.0,37.964253,-91.831833
01/01/2020,04/02/2022,Missouri,Female,85 years and over,3110.0,28113.0,2296.0,37.0,37.964253,-91.831833
01/01/2020,04/02/2022,Montana,Male,All Ages,1977.0,15112.0,1716.0,20.0,46.879682,-110.362566
01/01/2020,04/02/2022,Montana,Male,Under 1 year,0.0,51.0,0.0,0.0,46.879682,-110.362566
01/01/2020,04/02/2022,Montana,Male,0-17 years,0.0,153.0,0.0,0.0,46.879682,-110.362566
01/01/2020,04/02/2022,Montana,Male,18-29 years,0.0,374.0,0.0,0.0,46.879682,-110.362566
01/01/2020,04/02/2022,Montana,Male,30-39 years,35.0,469.0,37.0,0.0,46.879682,-110.362566
01/01/2020,04/02/2022,Montana,Male,40-49 years,64.0,682.0,48.0,0.0,46.879682,-110.362566
01/01/2020,04/02/2022,Montana,Male,50-64 years,358.0,2635.0,304.0,0.0,46.879682,-110.362566
01/01/2020,04/02/2022,Montana,Male,65-74 years,500.0,3420.0,435.0,0.0,46.879682,-110.362566
01/01/2020,04/02/2022,Montana,Male,75-84 years,594.0,3990.0,528.0,0.0,46.879682,-110.362566
01/01/2020,04/02/2022,Montana,Male,85 years and over,418.0,3389.0,357.0,0.0,46.879682,-110.362566
01/01/2020,04/02/2022,Montana,Female,All Ages,1481.0,12309.0,1161.0,26.0,46.879682,-110.362566
01/01/2020,04/02/2022,Montana,Female,Under 1 year,0.0,46.0,0.0,0.0,46.879682,-110.362566
01/01/2020,04/02/2022,Montana,Female,0-17 years,0.0,106.0,0.0,0.0,46.879682,-110.362566
01/01/2020,04/02/2022,Montana,Female,18-29 years,0.0,132.0,0.0,0.0,46.879682,-110.362566
01/01/2020,04/02/2022,Montana,Female,30-39 years,22.0,256.0,14.0,0.0,46.879682,-110.362566
01/01/2020,04/02/2022,Montana,Female,40-49 years,53.0,347.0,41.0,0.0,46.879682,-110.362566
01/01/2020,04/02/2022,Montana,Female,50-64 years,236.0,1616.0,193.0,0.0,46.879682,-110.362566
01/01/2020,04/02/2022,Montana,Female,65-74 years,333.0,2309.0,295.0,0.0,46.879682,-110.362566
01/01/2020,04/02/2022,Montana,Female,75-84 years,367.0,3016.0,300.0,0.0,46.879682,-110.362566
01/01/2020,04/02/2022,Montana,Female,85 years and over,464.0,4527.0,311.0,0.0,46.879682,-110.362566
01/01/2020,04/02/2022,Nebraska,Male,All Ages,2802.0,22392.0,2544.0,30.0,41.492537,-99.901813
01/01/2020,04/02/2022,Nebraska,Male,Under 1 year,0.0,179.0,0.0,0.0,41.492537,-99.901813
01/01/2020,04/02/2022,Nebraska,Male,0-17 years,0.0,334.0,0.0,0.0,41.492537,-99.901813
01/01/2020,04/02/2022,Nebraska,Male,18-29 years,23.0,449.0,25.0,0.0,41.492537,-99.901813
01/01/2020,04/02/2022,Nebraska,Male,30-39 years,53.0,603.0,46.0,0.0,41.492537,-99.901813
01/01/2020,04/02/2022,Nebraska,Male,40-49 years,92.0,887.0,76.0,0.0,41.492537,-99.901813
01/01/2020,04/02/2022,Nebraska,Male,50-64 years,499.0,3902.0,447.0,0.0,41.492537,-99.901813
01/01/2020,04/02/2022,Nebraska,Male,65-74 years,675.0,4957.0,581.0,0.0,41.492537,-99.901813
01/01/2020,04/02/2022,Nebraska,Male,75-84 years,771.0,5599.0,678.0,0.0,41.492537,-99.901813
01/01/2020,04/02/2022,Nebraska,Male,85 years and over,687.0,5661.0,685.0,0.0,41.492537,-99.901813
01/01/2020,04/02/2022,Nebraska,Female,All Ages,2066.0,20654.0,1938.0,47.0,41.492537,-99.901813
01/01/2020,04/02/2022,Nebraska,Female,Under 1 year,0.0,120.0,0.0,0.0,41.492537,-99.901813
01/01/2020,04/02/2022,Nebraska,Female,0-17 years,0.0,207.0,0.0,0.0,41.492537,-99.901813
01/01/2020,04/02/2022,Nebraska,Female,18-29 years,12.0,186.0,15.0,0.0,41.492537,-99.901813
01/01/2020,04/02/2022,Nebraska,Female,30-39 years,26.0,295.0,16.0,0.0,41.492537,-99.901813
01/01/2020,04/02/2022,Nebraska,Female,40-49 years,61.0,525.0,57.0,0.0,41.492537,-99.901813
01/01/2020,04/02/2022,Nebraska,Female,50-64 years,267.0,2444.0,262.0,0.0,41.492537,-99.901813
01/01/2020,04/02/2022,Nebraska,Female,65-74 years,383.0,3522.0,384.0,0.0,41.492537,-99.901813
01/01/2020,04/02/2022,Nebraska,Female,75-84 years,488.0,4819.0,493.0,0.0,41.492537,-99.901813
01/01/2020,04/02/2022,Nebraska,Female,85 years and over,827.0,8656.0,706.0,18.0,41.492537,-99.901813
01/01/2020,04/02/2022,Nevada,Male,All Ages,6673.0,41658.0,7172.0,40.0,38.80261,-116.419389
01/01/2020,04/02/2022,Nevada,Male,Under 1 year,0.0,196.0,0.0,0.0,38.80261,-116.419389
01/01/2020,04/02/2022,Nevada,Male,0-17 years,0.0,424.0,10.0,0.0,38.80261,-116.419389
01/01/2020,04/02/2022,Nevada,Male,18-29 years,38.0,1050.0,47.0,0.0,38.80261,-116.419389
01/01/2020,04/02/2022,Nevada,Male,30-39 years,146.0,1496.0,152.0,0.0,38.80261,-116.419389
01/01/2020,04/02/2022,Nevada,Male,40-49 years,434.0,2352.0,395.0,0.0,38.80261,-116.419389
01/01/2020,04/02/2022,Nevada,Male,50-64 years,1501.0,8522.0,1530.0,13.0,38.80261,-116.419389
01/01/2020,04/02/2022,Nevada,Male,65-74 years,1831.0,10374.0,2038.0,14.0,38.80261,-116.419389
01/01/2020,04/02/2022,Nevada,Male,75-84 years,1772.0,10577.0,1946.0,0.0,38.80261,-116.419389
01/01/2020,04/02/2022,Nevada,Male,85 years and over,945.0,6863.0,1054.0,0.0,38.80261,-116.419389
01/01/2020,04/02/2022,Nevada,Female,All Ages,4171.0,31516.0,4716.0,28.0,38.80261,-116.419389
01/01/2020,04/02/2022,Nevada,Female,Under 1 year,0.0,174.0,0.0,0.0,38.80261,-116.419389
01/01/2020,04/02/2022,Nevada,Female,0-17 years,0.0,278.0,0.0,0.0,38.80261,-116.419389
01/01/2020,04/02/2022,Nevada,Female,18-29 years,33.0,414.0,24.0,0.0,38.80261,-116.419389
01/01/2020,04/02/2022,Nevada,Female,30-39 years,79.0,740.0,93.0,0.0,38.80261,-116.419389
01/01/2020,04/02/2022,Nevada,Female,40-49 years,202.0,1268.0,210.0,0.0,38.80261,-116.419389
01/01/2020,04/02/2022,Nevada,Female,50-64 years,824.0,4961.0,931.0,0.0,38.80261,-116.419389
01/01/2020,04/02/2022,Nevada,Female,65-74 years,1025.0,6702.0,1228.0,0.0,38.80261,-116.419389
01/01/2020,04/02/2022,Nevada,Female,75-84 years,1145.0,8556.0,1311.0,0.0,38.80261,-116.419389
01/01/2020,04/02/2022,Nevada,Female,85 years and over,859.0,8597.0,915.0,0.0,38.80261,-116.419389
01/01/2020,04/02/2022,New Hampshire,Male,All Ages,1299.0,15970.0,1219.0,18.0,43.193852,-71.572395
01/01/2020,04/02/2022,New Hampshire,Male,Under 1 year,0.0,52.0,0.0,0.0,43.193852,-71.572395
01/01/2020,04/02/2022,New Hampshire,Male,0-17 years,0.0,116.0,0.0,0.0,43.193852,-71.572395
01/01/2020,04/02/2022,New Hampshire,Male,18-29 years,0.0,296.0,0.0,0.0,43.193852,-71.572395
01/01/2020,04/02/2022,New Hampshire,Male,30-39 years,17.0,491.0,12.0,0.0,43.193852,-71.572395
01/01/2020,04/02/2022,New Hampshire,Male,40-49 years,32.0,608.0,28.0,0.0,43.193852,-71.572395
01/01/2020,04/02/2022,New Hampshire,Male,50-64 years,198.0,2830.0,186.0,0.0,43.193852,-71.572395
01/01/2020,04/02/2022,New Hampshire,Male,65-74 years,294.0,3621.0,301.0,0.0,43.193852,-71.572395
01/01/2020,04/02/2022,New Hampshire,Male,75-84 years,383.0,4009.0,365.0,0.0,43.193852,-71.572395
01/01/2020,04/02/2022,New Hampshire,Male,85 years and over,371.0,3999.0,324.0,0.0,43.193852,-71.572395
01/01/2020,04/02/2022,New Hampshire,Female,All Ages,1128.0,14883.0,985.0,27.0,43.193852,-71.572395
01/01/2020,04/02/2022,New Hampshire,Female,Under 1 year,0.0,50.0,0.0,0.0,43.193852,-71.572395
01/01/2020,04/02/2022,New Hampshire,Female,0-17 years,0.0,76.0,0.0,0.0,43.193852,-71.572395
01/01/2020,04/02/2022,New Hampshire,Female,18-29 years,0.0,132.0,0.0,0.0,43.193852,-71.572395
01/01/2020,04/02/2022,New Hampshire,Female,30-39 years,0.0,242.0,0.0,0.0,43.193852,-71.572395
01/01/2020,04/02/2022,New Hampshire,Female,40-49 years,21.0,353.0,26.0,0.0,43.193852,-71.572395
01/01/2020,04/02/2022,New Hampshire,Female,50-64 years,83.0,1695.0,106.0,0.0,43.193852,-71.572395
01/01/2020,04/02/2022,New Hampshire,Female,65-74 years,194.0,2460.0,212.0,0.0,43.193852,-71.572395
01/01/2020,04/02/2022,New Hampshire,Female,75-84 years,287.0,3718.0,264.0,0.0,43.193852,-71.572395
01/01/2020,04/02/2022,New Hampshire,Female,85 years and over,538.0,6207.0,371.0,11.0,43.193852,-71.572395
01/01/2020,04/02/2022,New Jersey,Male,All Ages,17343.0,101999.0,13618.0,98.0,40.058324,-74.405661
01/01/2020,04/02/2022,New Jersey,Male,Under 1 year,0.0,375.0,0.0,0.0,40.058324,-74.405661
01/01/2020,04/02/2022,New Jersey,Male,0-17 years,0.0,656.0,12.0,0.0,40.058324,-74.405661
01/01/2020,04/02/2022,New Jersey,Male,18-29 years,102.0,1922.0,70.0,0.0,40.058324,-74.405661
01/01/2020,04/02/2022,New Jersey,Male,30-39 years,280.0,3171.0,189.0,0.0,40.058324,-74.405661
01/01/2020,04/02/2022,New Jersey,Male,40-49 years,724.0,4779.0,495.0,0.0,40.058324,-74.405661
01/01/2020,04/02/2022,New Jersey,Male,50-64 years,3588.0,19531.0,2577.0,16.0,40.058324,-74.405661
01/01/2020,04/02/2022,New Jersey,Male,65-74 years,4062.0,21373.0,3099.0,19.0,40.058324,-74.405661
01/01/2020,04/02/2022,New Jersey,Male,75-84 years,4515.0,24796.0,3729.0,24.0,40.058324,-74.405661
01/01/2020,04/02/2022,New Jersey,Male,85 years and over,4065.0,25771.0,3447.0,25.0,40.058324,-74.405661
01/01/2020,04/02/2022,New Jersey,Female,All Ages,14325.0,98557.0,10978.0,75.0,40.058324,-74.405661
01/01/2020,04/02/2022,New Jersey,Female,Under 1 year,0.0,307.0,0.0,0.0,40.058324,-74.405661
01/01/2020,04/02/2022,New Jersey,Female,0-17 years,0.0,471.0,0.0,0.0,40.058324,-74.405661
01/01/2020,04/02/2022,New Jersey,Female,18-29 years,50.0,701.0,39.0,0.0,40.058324,-74.405661
01/01/2020,04/02/2022,New Jersey,Female,30-39 years,140.0,1448.0,98.0,0.0,40.058324,-74.405661
01/01/2020,04/02/2022,New Jersey,Female,40-49 years,299.0,2389.0,239.0,0.0,40.058324,-74.405661
01/01/2020,04/02/2022,New Jersey,Female,50-64 years,1886.0,11696.0,1416.0,12.0,40.058324,-74.405661
01/01/2020,04/02/2022,New Jersey,Female,65-74 years,2585.0,15645.0,2008.0,0.0,40.058324,-74.405661
01/01/2020,04/02/2022,New Jersey,Female,75-84 years,3723.0,23830.0,2987.0,14.0,40.058324,-74.405661
01/01/2020,04/02/2022,New Jersey,Female,85 years and over,5633.0,42377.0,4182.0,33.0,40.058324,-74.405661
01/01/2020,04/02/2022,New Mexico,Male,All Ages,4290.0,29005.0,3742.0,34.0,34.97273,-105.032363
01/01/2020,04/02/2022,New Mexico,Male,Under 1 year,0.0,100.0,0.0,0.0,34.97273,-105.032363
01/01/2020,04/02/2022,New Mexico,Male,0-17 years,0.0,268.0,0.0,0.0,34.97273,-105.032363
01/01/2020,04/02/2022,New Mexico,Male,18-29 years,51.0,1067.0,46.0,0.0,34.97273,-105.032363
01/01/2020,04/02/2022,New Mexico,Male,30-39 years,195.0,1705.0,167.0,0.0,34.97273,-105.032363
01/01/2020,04/02/2022,New Mexico,Male,40-49 years,338.0,2051.0,293.0,0.0,34.97273,-105.032363
01/01/2020,04/02/2022,New Mexico,Male,50-64 years,1067.0,5967.0,899.0,10.0,34.97273,-105.032363
01/01/2020,04/02/2022,New Mexico,Male,65-74 years,1029.0,6161.0,903.0,0.0,34.97273,-105.032363
01/01/2020,04/02/2022,New Mexico,Male,75-84 years,937.0,6365.0,810.0,0.0,34.97273,-105.032363
01/01/2020,04/02/2022,New Mexico,Male,85 years and over,669.0,5421.0,620.0,0.0,34.97273,-105.032363
01/01/2020,04/02/2022,New Mexico,Female,All Ages,3263.0,23655.0,2708.0,36.0,34.97273,-105.032363
01/01/2020,04/02/2022,New Mexico,Female,Under 1 year,0.0,84.0,0.0,0.0,34.97273,-105.032363
01/01/2020,04/02/2022,New Mexico,Female,0-17 years,0.0,168.0,0.0,0.0,34.97273,-105.032363
01/01/2020,04/02/2022,New Mexico,Female,18-29 years,38.0,421.0,27.0,0.0,34.97273,-105.032363
01/01/2020,04/02/2022,New Mexico,Female,30-39 years,105.0,830.0,98.0,0.0,34.97273,-105.032363
01/01/2020,04/02/2022,New Mexico,Female,40-49 years,200.0,1068.0,174.0,0.0,34.97273,-105.032363
01/01/2020,04/02/2022,New Mexico,Female,50-64 years,631.0,3478.0,546.0,10.0,34.97273,-105.032363
01/01/2020,04/02/2022,New Mexico,Female,65-74 years,753.0,4503.0,643.0,0.0,34.97273,-105.032363
01/01/2020,04/02/2022,New Mexico,Female,75-84 years,752.0,5605.0,637.0,0.0,34.97273,-105.032363
01/01/2020,04/02/2022,New Mexico,Female,85 years and over,780.0,7582.0,580.0,0.0,34.97273,-105.032363
01/01/2020,04/02/2022,New York,Male,All Ages,18741.0,133930.0,17440.0,164.0,43.299428,-74.217933
01/01/2020,04/02/2022,New York,Male,Under 1 year,0.0,586.0,0.0,0.0,43.299428,-74.217933
01/01/2020,04/02/2022,New York,Male,0-17 years,20.0,1023.0,18.0,0.0,43.299428,-74.217933
01/01/2020,04/02/2022,New York,Male,18-29 years,99.0,2521.0,92.0,0.0,43.299428,-74.217933
01/01/2020,04/02/2022,New York,Male,30-39 years,243.0,3834.0,197.0,0.0,43.299428,-74.217933
01/01/2020,04/02/2022,New York,Male,40-49 years,598.0,5221.0,419.0,0.0,43.299428,-74.217933
01/01/2020,04/02/2022,New York,Male,50-64 years,3363.0,23784.0,2794.0,33.0,43.299428,-74.217933
01/01/2020,04/02/2022,New York,Male,65-74 years,4295.0,28477.0,3898.0,37.0,43.299428,-74.217933
01/01/2020,04/02/2022,New York,Male,75-84 years,5051.0,33133.0,4836.0,41.0,43.299428,-74.217933
01/01/2020,04/02/2022,New York,Male,85 years and over,5072.0,35937.0,5186.0,41.0,43.299428,-74.217933
01/01/2020,04/02/2022,New York,Female,All Ages,16790.0,130128.0,14568.0,166.0,43.299428,-74.217933
01/01/2020,04/02/2022,New York,Female,Under 1 year,0.0,436.0,0.0,0.0,43.299428,-74.217933
01/01/2020,04/02/2022,New York,Female,0-17 years,0.0,712.0,0.0,0.0,43.299428,-74.217933
01/01/2020,04/02/2022,New York,Female,18-29 years,50.0,941.0,48.0,0.0,43.299428,-74.217933
01/01/2020,04/02/2022,New York,Female,30-39 years,137.0,1787.0,105.0,0.0,43.299428,-74.217933
01/01/2020,04/02/2022,New York,Female,40-49 years,324.0,2850.0,270.0,0.0,43.299428,-74.217933
01/01/2020,04/02/2022,New York,Female,50-64 years,1870.0,14592.0,1705.0,21.0,43.299428,-74.217933
01/01/2020,04/02/2022,New York,Female,65-74 years,2885.0,20983.0,2566.0,29.0,43.299428,-74.217933
01/01/2020,04/02/2022,New York,Female,75-84 years,4274.0,31146.0,3827.0,35.0,43.299428,-74.217933
01/01/2020,04/02/2022,New York,Female,85 years and over,7246.0,57117.0,6039.0,71.0,43.299428,-74.217933
01/01/2020,04/02/2022,North Carolina,Male,All Ages,14391.0,127444.0,14265.0,158.0,35.759573,-79.0193
01/01/2020,04/02/2022,North Carolina,Male,Under 1 year,0.0,947.0,11.0,0.0,35.759573,-79.0193
01/01/2020,04/02/2022,North Carolina,Male,0-17 years,14.0,1642.0,29.0,0.0,35.759573,-79.0193
01/01/2020,04/02/2022,North Carolina,Male,18-29 years,84.0,3901.0,83.0,0.0,35.759573,-79.0193
01/01/2020,04/02/2022,North Carolina,Male,30-39 years,281.0,4775.0,218.0,0.0,35.759573,-79.0193
01/01/2020,04/02/2022,North Carolina,Male,40-49 years,736.0,6719.0,546.0,0.0,35.759573,-79.0193
01/01/2020,04/02/2022,North Carolina,Male,50-64 years,3146.0,26218.0,2894.0,47.0,35.759573,-79.0193
01/01/2020,04/02/2022,North Carolina,Male,65-74 years,3679.0,29653.0,3740.0,35.0,35.759573,-79.0193
01/01/2020,04/02/2022,North Carolina,Male,75-84 years,3798.0,30814.0,3990.0,30.0,35.759573,-79.0193
01/01/2020,04/02/2022,North Carolina,Male,85 years and over,2653.0,23722.0,2765.0,26.0,35.759573,-79.0193
01/01/2020,04/02/2022,North Carolina,Female,All Ages,12811.0,118332.0,12114.0,172.0,35.759573,-79.0193
01/01/2020,04/02/2022,North Carolina,Female,Under 1 year,0.0,721.0,0.0,0.0,35.759573,-79.0193
01/01/2020,04/02/2022,North Carolina,Female,0-17 years,0.0,1109.0,11.0,0.0,35.759573,-79.0193
01/01/2020,04/02/2022,North Carolina,Female,18-29 years,74.0,1542.0,66.0,0.0,35.759573,-79.0193
01/01/2020,04/02/2022,North Carolina,Female,30-39 years,215.0,2442.0,194.0,0.0,35.759573,-79.0193
01/01/2020,04/02/2022,North Carolina,Female,40-49 years,470.0,4179.0,418.0,0.0,35.759573,-79.0193
01/01/2020,04/02/2022,North Carolina,Female,50-64 years,2180.0,17133.0,2079.0,37.0,35.759573,-79.0193
01/01/2020,04/02/2022,North Carolina,Female,65-74 years,2800.0,22502.0,2831.0,44.0,35.759573,-79.0193
01/01/2020,04/02/2022,North Carolina,Female,75-84 years,3268.0,30067.0,3142.0,32.0,35.759573,-79.0193
01/01/2020,04/02/2022,North Carolina,Female,85 years and over,3795.0,39358.0,3373.0,37.0,35.759573,-79.0193
01/01/2020,04/02/2022,North Dakota,Male,All Ages,1546.0,9909.0,1491.0,24.0,47.551493,-101.002012
01/01/2020,04/02/2022,North Dakota,Male,Under 1 year,0.0,55.0,0.0,0.0,47.551493,-101.002012
01/01/2020,04/02/2022,North Dakota,Male,0-17 years,0.0,124.0,0.0,0.0,47.551493,-101.002012
01/01/2020,04/02/2022,North Dakota,Male,18-29 years,0.0,272.0,0.0,0.0,47.551493,-101.002012
01/01/2020,04/02/2022,North Dakota,Male,30-39 years,34.0,399.0,31.0,0.0,47.551493,-101.002012
01/01/2020,04/02/2022,North Dakota,Male,40-49 years,54.0,481.0,46.0,0.0,47.551493,-101.002012
01/01/2020,04/02/2022,North Dakota,Male,50-64 years,274.0,1756.0,264.0,0.0,47.551493,-101.002012
01/01/2020,04/02/2022,North Dakota,Male,65-74 years,348.0,2089.0,365.0,0.0,47.551493,-101.002012
01/01/2020,04/02/2022,North Dakota,Male,75-84 years,388.0,2330.0,401.0,0.0,47.551493,-101.002012
01/01/2020,04/02/2022,North Dakota,Male,85 years and over,436.0,2458.0,373.0,0.0,47.551493,-101.002012
01/01/2020,04/02/2022,North Dakota,Female,All Ages,1146.0,8433.0,1058.0,26.0,47.551493,-101.002012
01/01/2020,04/02/2022,North Dakota,Female,Under 1 year,0.0,41.0,0.0,0.0,47.551493,-101.002012
01/01/2020,04/02/2022,North Dakota,Female,0-17 years,0.0,72.0,0.0,0.0,47.551493,-101.002012
01/01/2020,04/02/2022,North Dakota,Female,18-29 years,0.0,101.0,0.0,0.0,47.551493,-101.002012
01/01/2020,04/02/2022,North Dakota,Female,30-39 years,0.0,167.0,15.0,0.0,47.551493,-101.002012
01/01/2020,04/02/2022,North Dakota,Female,40-49 years,33.0,252.0,24.0,0.0,47.551493,-101.002012
01/01/2020,04/02/2022,North Dakota,Female,50-64 years,124.0,1033.0,139.0,0.0,47.551493,-101.002012
01/01/2020,04/02/2022,North Dakota,Female,65-74 years,188.0,1353.0,205.0,0.0,47.551493,-101.002012
01/01/2020,04/02/2022,North Dakota,Female,75-84 years,298.0,1962.0,291.0,0.0,47.551493,-101.002012
01/01/2020,04/02/2022,North Dakota,Female,85 years and over,489.0,3493.0,379.0,0.0,47.551493,-101.002012
01/01/2020,04/02/2022,Ohio,Male,All Ages,22829.0,168375.0,19218.0,196.0,40.417287,-82.907123
01/01/2020,04/02/2022,Ohio,Male,Under 1 year,0.0,1096.0,17.0,0.0,40.417287,-82.907123
01/01/2020,04/02/2022,Ohio,Male,0-17 years,16.0,1879.0,43.0,0.0,40.417287,-82.907123
01/01/2020,04/02/2022,Ohio,Male,18-29 years,102.0,3989.0,101.0,0.0,40.417287,-82.907123
01/01/2020,04/02/2022,Ohio,Male,30-39 years,316.0,5821.0,288.0,0.0,40.417287,-82.907123
01/01/2020,04/02/2022,Ohio,Male,40-49 years,740.0,8040.0,602.0,11.0,40.417287,-82.907123
01/01/2020,04/02/2022,Ohio,Male,50-64 years,4140.0,33100.0,3608.0,47.0,40.417287,-82.907123
01/01/2020,04/02/2022,Ohio,Male,65-74 years,5778.0,39070.0,5018.0,53.0,40.417287,-82.907123
01/01/2020,04/02/2022,Ohio,Male,75-84 years,6467.0,40269.0,5403.0,41.0,40.417287,-82.907123
01/01/2020,04/02/2022,Ohio,Male,85 years and over,5270.0,36207.0,4155.0,30.0,40.417287,-82.907123
01/01/2020,04/02/2022,Ohio,Female,All Ages,19987.0,157439.0,15608.0,191.0,40.417287,-82.907123
01/01/2020,04/02/2022,Ohio,Female,Under 1 year,0.0,913.0,16.0,0.0,40.417287,-82.907123
01/01/2020,04/02/2022,Ohio,Female,0-17 years,17.0,1364.0,31.0,0.0,40.417287,-82.907123
01/01/2020,04/02/2022,Ohio,Female,18-29 years,70.0,1649.0,61.0,0.0,40.417287,-82.907123
01/01/2020,04/02/2022,Ohio,Female,30-39 years,238.0,2976.0,185.0,0.0,40.417287,-82.907123
01/01/2020,04/02/2022,Ohio,Female,40-49 years,520.0,4764.0,462.0,10.0,40.417287,-82.907123
01/01/2020,04/02/2022,Ohio,Female,50-64 years,2796.0,21566.0,2587.0,34.0,40.417287,-82.907123
01/01/2020,04/02/2022,Ohio,Female,65-74 years,4077.0,29013.0,3552.0,34.0,40.417287,-82.907123
01/01/2020,04/02/2022,Ohio,Female,75-84 years,5313.0,38815.0,4137.0,46.0,40.417287,-82.907123
01/01/2020,04/02/2022,Ohio,Female,85 years and over,6956.0,57292.0,4593.0,52.0,40.417287,-82.907123
01/01/2020,04/02/2022,Oklahoma,Male,All Ages,8605.0,56726.0,7528.0,103.0,35.007752,-97.092877
01/01/2020,04/02/2022,Oklahoma,Male,Under 1 year,0.0,345.0,0.0,0.0,35.007752,-97.092877
01/01/2020,04/02/2022,Oklahoma,Male,0-17 years,10.0,683.0,19.0,0.0,35.007752,-97.092877
01/01/2020,04/02/2022,Oklahoma,Male,18-29 years,66.0,1326.0,70.0,0.0,35.007752,-97.092877
01/01/2020,04/02/2022,Oklahoma,Male,30-39 years,167.0,1906.0,144.0,0.0,35.007752,-97.092877
01/01/2020,04/02/2022,Oklahoma,Male,40-49 years,447.0,2998.0,323.0,0.0,35.007752,-97.092877
01/01/2020,04/02/2022,Oklahoma,Male,50-64 years,1870.0,11975.0,1540.0,33.0,35.007752,-97.092877
01/01/2020,04/02/2022,Oklahoma,Male,65-74 years,2165.0,13535.0,1943.0,24.0,35.007752,-97.092877
01/01/2020,04/02/2022,Oklahoma,Male,75-84 years,2267.0,13923.0,2078.0,25.0,35.007752,-97.092877
01/01/2020,04/02/2022,Oklahoma,Male,85 years and over,1613.0,10380.0,1411.0,14.0,35.007752,-97.092877
01/01/2020,04/02/2022,Oklahoma,Female,All Ages,7035.0,50476.0,6052.0,121.0,35.007752,-97.092877
01/01/2020,04/02/2022,Oklahoma,Female,Under 1 year,0.0,297.0,0.0,0.0,35.007752,-97.092877
01/01/2020,04/02/2022,Oklahoma,Female,0-17 years,13.0,507.0,14.0,0.0,35.007752,-97.092877
01/01/2020,04/02/2022,Oklahoma,Female,18-29 years,40.0,555.0,44.0,0.0,35.007752,-97.092877
01/01/2020,04/02/2022,Oklahoma,Female,30-39 years,131.0,1009.0,95.0,0.0,35.007752,-97.092877
01/01/2020,04/02/2022,Oklahoma,Female,40-49 years,317.0,1839.0,241.0,0.0,35.007752,-97.092877
01/01/2020,04/02/2022,Oklahoma,Female,50-64 years,1222.0,7814.0,1159.0,22.0,35.007752,-97.092877
01/01/2020,04/02/2022,Oklahoma,Female,65-74 years,1634.0,10385.0,1516.0,28.0,35.007752,-97.092877
01/01/2020,04/02/2022,Oklahoma,Female,75-84 years,1819.0,12881.0,1576.0,30.0,35.007752,-97.092877
01/01/2020,04/02/2022,Oklahoma,Female,85 years and over,1859.0,15486.0,1407.0,27.0,35.007752,-97.092877
01/01/2020,04/02/2022,Oregon,Male,All Ages,3880.0,50211.0,3448.0,60.0,43.804133,-120.554201
01/01/2020,04/02/2022,Oregon,Male,Under 1 year,0.0,203.0,0.0,0.0,43.804133,-120.554201
01/01/2020,04/02/2022,Oregon,Male,0-17 years,0.0,399.0,0.0,0.0,43.804133,-120.554201
01/01/2020,04/02/2022,Oregon,Male,18-29 years,18.0,1139.0,11.0,0.0,43.804133,-120.554201
01/01/2020,04/02/2022,Oregon,Male,30-39 years,69.0,1507.0,41.0,0.0,43.804133,-120.554201
01/01/2020,04/02/2022,Oregon,Male,40-49 years,187.0,2253.0,121.0,0.0,43.804133,-120.554201
01/01/2020,04/02/2022,Oregon,Male,50-64 years,807.0,8933.0,647.0,13.0,43.804133,-120.554201
01/01/2020,04/02/2022,Oregon,Male,65-74 years,869.0,11413.0,829.0,15.0,43.804133,-120.554201
01/01/2020,04/02/2022,Oregon,Male,75-84 years,1054.0,12783.0,960.0,11.0,43.804133,-120.554201
01/01/2020,04/02/2022,Oregon,Male,85 years and over,873.0,11784.0,835.0,10.0,43.804133,-120.554201
01/01/2020,04/02/2022,Oregon,Female,All Ages,3079.0,44204.0,2625.0,45.0,43.804133,-120.554201
01/01/2020,04/02/2022,Oregon,Female,Under 1 year,0.0,192.0,0.0,0.0,43.804133,-120.554201
01/01/2020,04/02/2022,Oregon,Female,0-17 years,0.0,304.0,0.0,0.0,43.804133,-120.554201
01/01/2020,04/02/2022,Oregon,Female,18-29 years,15.0,385.0,10.0,0.0,43.804133,-120.554201
01/01/2020,04/02/2022,Oregon,Female,30-39 years,52.0,760.0,36.0,0.0,43.804133,-120.554201
01/01/2020,04/02/2022,Oregon,Female,40-49 years,101.0,1180.0,80.0,0.0,43.804133,-120.554201
01/01/2020,04/02/2022,Oregon,Female,50-64 years,473.0,5501.0,446.0,0.0,43.804133,-120.554201
01/01/2020,04/02/2022,Oregon,Female,65-74 years,648.0,8367.0,617.0,0.0,43.804133,-120.554201
01/01/2020,04/02/2022,Oregon,Female,75-84 years,769.0,10924.0,652.0,14.0,43.804133,-120.554201
01/01/2020,04/02/2022,Oregon,Female,85 years and over,1021.0,16783.0,782.0,10.0,43.804133,-120.554201
01/01/2020,04/02/2022,Pennsylvania,Male,All Ages,23940.0,179283.0,18965.0,201.0,41.203322,-77.194525
01/01/2020,04/02/2022,Pennsylvania,Male,Under 1 year,0.0,884.0,11.0,0.0,41.203322,-77.194525
01/01/2020,04/02/2022,Pennsylvania,Male,0-17 years,0.0,1665.0,21.0,0.0,41.203322,-77.194525
01/01/2020,04/02/2022,Pennsylvania,Male,18-29 years,96.0,3957.0,86.0,0.0,41.203322,-77.194525
01/01/2020,04/02/2022,Pennsylvania,Male,30-39 years,290.0,5759.0,225.0,0.0,41.203322,-77.194525
01/01/2020,04/02/2022,Pennsylvania,Male,40-49 years,723.0,7258.0,528.0,0.0,41.203322,-77.194525
01/01/2020,04/02/2022,Pennsylvania,Male,50-64 years,4199.0,32445.0,3166.0,45.0,41.203322,-77.194525
01/01/2020,04/02/2022,Pennsylvania,Male,65-74 years,5702.0,39859.0,4688.0,44.0,41.203322,-77.194525
01/01/2020,04/02/2022,Pennsylvania,Male,75-84 years,6604.0,44143.0,5487.0,59.0,41.203322,-77.194525
01/01/2020,04/02/2022,Pennsylvania,Male,85 years and over,6317.0,44197.0,4764.0,41.0,41.203322,-77.194525
01/01/2020,04/02/2022,Pennsylvania,Female,All Ages,21603.0,170833.0,15554.0,237.0,41.203322,-77.194525
01/01/2020,04/02/2022,Pennsylvania,Female,Under 1 year,0.0,791.0,0.0,0.0,41.203322,-77.194525
01/01/2020,04/02/2022,Pennsylvania,Female,0-17 years,17.0,1226.0,25.0,0.0,41.203322,-77.194525
01/01/2020,04/02/2022,Pennsylvania,Female,18-29 years,60.0,1452.0,55.0,0.0,41.203322,-77.194525
01/01/2020,04/02/2022,Pennsylvania,Female,30-39 years,170.0,2554.0,135.0,0.0,41.203322,-77.194525
01/01/2020,04/02/2022,Pennsylvania,Female,40-49 years,504.0,4343.0,368.0,0.0,41.203322,-77.194525
01/01/2020,04/02/2022,Pennsylvania,Female,50-64 years,2590.0,20487.0,2200.0,46.0,41.203322,-77.194525
01/01/2020,04/02/2022,Pennsylvania,Female,65-74 years,3971.0,28735.0,3271.0,34.0,41.203322,-77.194525
01/01/2020,04/02/2022,Pennsylvania,Female,75-84 years,5335.0,40772.0,4004.0,67.0,41.203322,-77.194525
01/01/2020,04/02/2022,Pennsylvania,Female,85 years and over,8956.0,71264.0,5496.0,76.0,41.203322,-77.194525
01/01/2020,04/02/2022,Rhode Island,Male,All Ages,1795.0,13268.0,1389.0,14.0,41.580095,-71.477429
01/01/2020,04/02/2022,Rhode Island,Male,Under 1 year,0.0,63.0,0.0,0.0,41.580095,-71.477429
01/01/2020,04/02/2022,Rhode Island,Male,0-17 years,0.0,105.0,0.0,0.0,41.580095,-71.477429
01/01/2020,04/02/2022,Rhode Island,Male,18-29 years,0.0,255.0,0.0,0.0,41.580095,-71.477429
01/01/2020,04/02/2022,Rhode Island,Male,30-39 years,21.0,363.0,10.0,0.0,41.580095,-71.477429
01/01/2020,04/02/2022,Rhode Island,Male,40-49 years,45.0,529.0,28.0,0.0,41.580095,-71.477429
01/01/2020,04/02/2022,Rhode Island,Male,50-64 years,279.0,2361.0,222.0,0.0,41.580095,-71.477429
01/01/2020,04/02/2022,Rhode Island,Male,65-74 years,408.0,2796.0,300.0,0.0,41.580095,-71.477429
01/01/2020,04/02/2022,Rhode Island,Male,75-84 years,480.0,3198.0,400.0,0.0,41.580095,-71.477429
01/01/2020,04/02/2022,Rhode Island,Male,85 years and over,557.0,3661.0,428.0,0.0,41.580095,-71.477429
01/01/2020,04/02/2022,Rhode Island,Female,All Ages,1765.0,13269.0,1224.0,24.0,41.580095,-71.477429
01/01/2020,04/02/2022,Rhode Island,Female,Under 1 year,0.0,49.0,0.0,0.0,41.580095,-71.477429
01/01/2020,04/02/2022,Rhode Island,Female,0-17 years,0.0,72.0,0.0,0.0,41.580095,-71.477429
01/01/2020,04/02/2022,Rhode Island,Female,18-29 years,0.0,92.0,0.0,0.0,41.580095,-71.477429
01/01/2020,04/02/2022,Rhode Island,Female,30-39 years,0.0,199.0,12.0,0.0,41.580095,-71.477429
01/01/2020,04/02/2022,Rhode Island,Female,40-49 years,18.0,250.0,14.0,0.0,41.580095,-71.477429
01/01/2020,04/02/2022,Rhode Island,Female,50-64 years,145.0,1476.0,152.0,0.0,41.580095,-71.477429
01/01/2020,04/02/2022,Rhode Island,Female,65-74 years,292.0,1999.0,235.0,0.0,41.580095,-71.477429
01/01/2020,04/02/2022,Rhode Island,Female,75-84 years,419.0,3017.0,303.0,0.0,41.580095,-71.477429
01/01/2020,04/02/2022,Rhode Island,Female,85 years and over,880.0,6164.0,503.0,0.0,41.580095,-71.477429
01/01/2020,04/02/2022,South Carolina,Male,All Ages,9571.0,73087.0,7546.0,90.0,33.836081,-81.163725
01/01/2020,04/02/2022,South Carolina,Male,Under 1 year,0.0,415.0,0.0,0.0,33.836081,-81.163725
01/01/2020,04/02/2022,South Carolina,Male,0-17 years,18.0,815.0,15.0,0.0,33.836081,-81.163725
01/01/2020,04/02/2022,South Carolina,Male,18-29 years,61.0,2196.0,44.0,0.0,33.836081,-81.163725
01/01/2020,04/02/2022,South Carolina,Male,30-39 years,182.0,2760.0,113.0,0.0,33.836081,-81.163725
01/01/2020,04/02/2022,South Carolina,Male,40-49 years,473.0,3978.0,292.0,0.0,33.836081,-81.163725
01/01/2020,04/02/2022,South Carolina,Male,50-64 years,1930.0,15144.0,1513.0,23.0,33.836081,-81.163725
01/01/2020,04/02/2022,South Carolina,Male,65-74 years,2586.0,17689.0,2056.0,18.0,33.836081,-81.163725
01/01/2020,04/02/2022,South Carolina,Male,75-84 years,2692.0,17924.0,2163.0,24.0,33.836081,-81.163725
01/01/2020,04/02/2022,South Carolina,Male,85 years and over,1629.0,12581.0,1350.0,11.0,33.836081,-81.163725
01/01/2020,04/02/2022,South Carolina,Female,All Ages,8037.0,64676.0,6108.0,93.0,33.836081,-81.163725
01/01/2020,04/02/2022,South Carolina,Female,Under 1 year,0.0,362.0,0.0,0.0,33.836081,-81.163725
01/01/2020,04/02/2022,South Carolina,Female,0-17 years,12.0,622.0,10.0,0.0,33.836081,-81.163725
01/01/2020,04/02/2022,South Carolina,Female,18-29 years,48.0,861.0,39.0,0.0,33.836081,-81.163725
01/01/2020,04/02/2022,South Carolina,Female,30-39 years,120.0,1396.0,94.0,0.0,33.836081,-81.163725
01/01/2020,04/02/2022,South Carolina,Female,40-49 years,332.0,2483.0,199.0,13.0,33.836081,-81.163725
01/01/2020,04/02/2022,South Carolina,Female,50-64 years,1482.0,10048.0,1145.0,22.0,33.836081,-81.163725
01/01/2020,04/02/2022,South Carolina,Female,65-74 years,1987.0,12961.0,1497.0,18.0,33.836081,-81.163725
01/01/2020,04/02/2022,South Carolina,Female,75-84 years,2042.0,16352.0,1616.0,20.0,33.836081,-81.163725
01/01/2020,04/02/2022,South Carolina,Female,85 years and over,2014.0,19953.0,1508.0,15.0,33.836081,-81.163725
01/01/2020,04/02/2022,South Dakota,Male,All Ages,1664.0,11401.0,1471.0,27.0,43.969515,-99.901813
01/01/2020,04/02/2022,South Dakota,Male,Under 1 year,0.0,73.0,0.0,0.0,43.969515,-99.901813
01/01/2020,04/02/2022,South Dakota,Male,0-17 years,0.0,154.0,0.0,0.0,43.969515,-99.901813
01/01/2020,04/02/2022,South Dakota,Male,18-29 years,11.0,287.0,0.0,0.0,43.969515,-99.901813
01/01/2020,04/02/2022,South Dakota,Male,30-39 years,29.0,384.0,30.0,0.0,43.969515,-99.901813
01/01/2020,04/02/2022,South Dakota,Male,40-49 years,49.0,515.0,57.0,0.0,43.969515,-99.901813
01/01/2020,04/02/2022,South Dakota,Male,50-64 years,267.0,1977.0,249.0,0.0,43.969515,-99.901813
01/01/2020,04/02/2022,South Dakota,Male,65-74 years,357.0,2471.0,365.0,0.0,43.969515,-99.901813
01/01/2020,04/02/2022,South Dakota,Male,75-84 years,461.0,2704.0,386.0,0.0,43.969515,-99.901813
01/01/2020,04/02/2022,South Dakota,Male,85 years and over,488.0,2909.0,372.0,0.0,43.969515,-99.901813
01/01/2020,04/02/2022,South Dakota,Female,All Ages,1359.0,9986.0,1119.0,28.0,43.969515,-99.901813
01/01/2020,04/02/2022,South Dakota,Female,Under 1 year,0.0,86.0,0.0,0.0,43.969515,-99.901813
01/01/2020,04/02/2022,South Dakota,Female,0-17 years,0.0,142.0,0.0,0.0,43.969515,-99.901813
01/01/2020,04/02/2022,South Dakota,Female,18-29 years,0.0,103.0,0.0,0.0,43.969515,-99.901813
01/01/2020,04/02/2022,South Dakota,Female,30-39 years,20.0,210.0,18.0,0.0,43.969515,-99.901813
01/01/2020,04/02/2022,South Dakota,Female,40-49 years,42.0,314.0,30.0,0.0,43.969515,-99.901813
01/01/2020,04/02/2022,South Dakota,Female,50-64 years,170.0,1252.0,179.0,0.0,43.969515,-99.901813
01/01/2020,04/02/2022,South Dakota,Female,65-74 years,297.0,1703.0,287.0,0.0,43.969515,-99.901813
01/01/2020,04/02/2022,South Dakota,Female,75-84 years,292.0,2162.0,271.0,0.0,43.969515,-99.901813
01/01/2020,04/02/2022,South Dakota,Female,85 years and over,532.0,4100.0,324.0,11.0,43.969515,-99.901813
01/01/2020,04/02/2022,Tennessee,Male,All Ages,14048.0,108734.0,13616.0,177.0,35.517491,-86.580447
01/01/2020,04/02/2022,Tennessee,Male,Under 1 year,0.0,733.0,13.0,0.0,35.517491,-86.580447
01/01/2020,04/02/2022,Tennessee,Male,0-17 years,16.0,1359.0,26.0,0.0,35.517491,-86.580447
01/01/2020,04/02/2022,Tennessee,Male,18-29 years,92.0,3155.0,86.0,0.0,35.517491,-86.580447
01/01/2020,04/02/2022,Tennessee,Male,30-39 years,305.0,4435.0,241.0,0.0,35.517491,-86.580447
01/01/2020,04/02/2022,Tennessee,Male,40-49 years,716.0,6605.0,573.0,0.0,35.517491,-86.580447
01/01/2020,04/02/2022,Tennessee,Male,50-64 years,3162.0,23891.0,2938.0,49.0,35.517491,-86.580447
01/01/2020,04/02/2022,Tennessee,Male,65-74 years,3765.0,25868.0,3716.0,52.0,35.517491,-86.580447
01/01/2020,04/02/2022,Tennessee,Male,75-84 years,3815.0,25854.0,3791.0,37.0,35.517491,-86.580447
01/01/2020,04/02/2022,Tennessee,Male,85 years and over,2177.0,17567.0,2245.0,19.0,35.517491,-86.580447
01/01/2020,04/02/2022,Tennessee,Female,All Ages,11695.0,96568.0,11128.0,179.0,35.517491,-86.580447
01/01/2020,04/02/2022,Tennessee,Female,Under 1 year,0.0,531.0,0.0,0.0,35.517491,-86.580447
01/01/2020,04/02/2022,Tennessee,Female,0-17 years,21.0,895.0,24.0,0.0,35.517491,-86.580447
01/01/2020,04/02/2022,Tennessee,Female,18-29 years,78.0,1310.0,64.0,0.0,35.517491,-86.580447
01/01/2020,04/02/2022,Tennessee,Female,30-39 years,214.0,2270.0,191.0,0.0,35.517491,-86.580447
01/01/2020,04/02/2022,Tennessee,Female,40-49 years,522.0,3967.0,442.0,19.0,35.517491,-86.580447
01/01/2020,04/02/2022,Tennessee,Female,50-64 years,2271.0,15892.0,2226.0,31.0,35.517491,-86.580447
01/01/2020,04/02/2022,Tennessee,Female,65-74 years,2793.0,19618.0,2747.0,39.0,35.517491,-86.580447
01/01/2020,04/02/2022,Tennessee,Female,75-84 years,2958.0,24115.0,2876.0,48.0,35.517491,-86.580447
01/01/2020,04/02/2022,Tennessee,Female,85 years and over,2838.0,28501.0,2558.0,32.0,35.517491,-86.580447
01/01/2020,04/02/2022,Texas,Male,All Ages,54247.0,314249.0,46823.0,406.0,31.968599,-99.901813
01/01/2020,04/02/2022,Texas,Male,Under 1 year,16.0,2388.0,17.0,0.0,31.968599,-99.901813
01/01/2020,04/02/2022,Texas,Male,0-17 years,67.0,4578.0,82.0,0.0,31.968599,-99.901813
01/01/2020,04/02/2022,Texas,Male,18-29 years,540.0,9680.0,410.0,0.0,31.968599,-99.901813
01/01/2020,04/02/2022,Texas,Male,30-39 years,1681.0,12153.0,1220.0,14.0,31.968599,-99.901813
01/01/2020,04/02/2022,Texas,Male,40-49 years,4095.0,18709.0,2891.0,24.0,31.968599,-99.901813
01/01/2020,04/02/2022,Texas,Male,50-64 years,13626.0,68210.0,10814.0,112.0,31.968599,-99.901813
01/01/2020,04/02/2022,Texas,Male,65-74 years,13747.0,72911.0,12286.0,98.0,31.968599,-99.901813
01/01/2020,04/02/2022,Texas,Male,75-84 years,12487.0,72022.0,11585.0,96.0,31.968599,-99.901813
01/01/2020,04/02/2022,Texas,Male,85 years and over,8004.0,55986.0,7535.0,49.0,31.968599,-99.901813
01/01/2020,04/02/2022,Texas,Female,All Ages,39400.0,269291.0,34973.0,407.0,31.968599,-99.901813
01/01/2020,04/02/2022,Texas,Female,Under 1 year,15.0,1978.0,19.0,0.0,31.968599,-99.901813
01/01/2020,04/02/2022,Texas,Female,0-17 years,61.0,3322.0,76.0,0.0,31.968599,-99.901813
01/01/2020,04/02/2022,Texas,Female,18-29 years,375.0,3515.0,275.0,0.0,31.968599,-99.901813
01/01/2020,04/02/2022,Texas,Female,30-39 years,958.0,5823.0,723.0,15.0,31.968599,-99.901813
01/01/2020,04/02/2022,Texas,Female,40-49 years,2163.0,10711.0,1673.0,24.0,31.968599,-99.901813
01/01/2020,04/02/2022,Texas,Female,50-64 years,8009.0,42026.0,6982.0,95.0,31.968599,-99.901813
01/01/2020,04/02/2022,Texas,Female,65-74 years,9272.0,53186.0,8437.0,96.0,31.968599,-99.901813
01/01/2020,04/02/2022,Texas,Female,75-84 years,9439.0,66264.0,8832.0,79.0,31.968599,-99.901813
01/01/2020,04/02/2022,Texas,Female,85 years and over,9123.0,84444.0,7975.0,84.0,31.968599,-99.901813
01/01/2020,04/02/2022,Utah,Male,All Ages,3107.0,27116.0,2676.0,43.0,39.32098,-111.093731
01/01/2020,04/02/2022,Utah,Male,Under 1 year,0.0,302.0,0.0,0.0,39.32098,-111.093731
01/01/2020,04/02/2022,Utah,Male,0-17 years,0.0,570.0,14.0,0.0,39.32098,-111.093731
01/01/2020,04/02/2022,Utah,Male,18-29 years,44.0,877.0,23.0,0.0,39.32098,-111.093731
01/01/2020,04/02/2022,Utah,Male,30-39 years,97.0,1133.0,76.0,0.0,39.32098,-111.093731
01/01/2020,04/02/2022,Utah,Male,40-49 years,201.0,1553.0,150.0,0.0,39.32098,-111.093731
01/01/2020,04/02/2022,Utah,Male,50-64 years,648.0,4615.0,533.0,12.0,39.32098,-111.093731
01/01/2020,04/02/2022,Utah,Male,65-74 years,763.0,5505.0,658.0,0.0,39.32098,-111.093731
01/01/2020,04/02/2022,Utah,Male,75-84 years,747.0,6492.0,678.0,0.0,39.32098,-111.093731
01/01/2020,04/02/2022,Utah,Male,85 years and over,604.0,6371.0,544.0,0.0,39.32098,-111.093731
01/01/2020,04/02/2022,Utah,Female,All Ages,1947.0,23948.0,1787.0,28.0,39.32098,-111.093731
01/01/2020,04/02/2022,Utah,Female,Under 1 year,0.0,257.0,0.0,0.0,39.32098,-111.093731
01/01/2020,04/02/2022,Utah,Female,0-17 years,0.0,396.0,0.0,0.0,39.32098,-111.093731
01/01/2020,04/02/2022,Utah,Female,18-29 years,23.0,343.0,20.0,0.0,39.32098,-111.093731
01/01/2020,04/02/2022,Utah,Female,30-39 years,57.0,601.0,37.0,0.0,39.32098,-111.093731
01/01/2020,04/02/2022,Utah,Female,40-49 years,115.0,1003.0,93.0,0.0,39.32098,-111.093731
01/01/2020,04/02/2022,Utah,Female,50-64 years,336.0,3081.0,304.0,0.0,39.32098,-111.093731
01/01/2020,04/02/2022,Utah,Female,65-74 years,409.0,4069.0,389.0,0.0,39.32098,-111.093731
01/01/2020,04/02/2022,Utah,Female,75-84 years,501.0,6107.0,494.0,0.0,39.32098,-111.093731
01/01/2020,04/02/2022,Utah,Female,85 years and over,504.0,8348.0,444.0,0.0,39.32098,-111.093731
01/01/2020,04/02/2022,Vermont,Male,All Ages,320.0,7541.0,461.0,12.0,44.558803,-72.577841
01/01/2020,04/02/2022,Vermont,Male,Under 1 year,0.0,16.0,0.0,0.0,44.558803,-72.577841
01/01/2020,04/02/2022,Vermont,Male,0-17 years,0.0,39.0,0.0,0.0,44.558803,-72.577841
01/01/2020,04/02/2022,Vermont,Male,18-29 years,0.0,144.0,0.0,0.0,44.558803,-72.577841
01/01/2020,04/02/2022,Vermont,Male,30-39 years,0.0,237.0,0.0,0.0,44.558803,-72.577841
01/01/2020,04/02/2022,Vermont,Male,40-49 years,0.0,317.0,0.0,0.0,44.558803,-72.577841
01/01/2020,04/02/2022,Vermont,Male,50-64 years,47.0,1339.0,65.0,0.0,44.558803,-72.577841
01/01/2020,04/02/2022,Vermont,Male,65-74 years,63.0,1607.0,102.0,0.0,44.558803,-72.577841
01/01/2020,04/02/2022,Vermont,Male,75-84 years,92.0,1888.0,138.0,0.0,44.558803,-72.577841
01/01/2020,04/02/2022,Vermont,Male,85 years and over,105.0,1970.0,143.0,0.0,44.558803,-72.577841
01/01/2020,04/02/2022,Vermont,Female,All Ages,279.0,6777.0,349.0,0.0,44.558803,-72.577841
01/01/2020,04/02/2022,Vermont,Female,Under 1 year,0.0,17.0,0.0,0.0,44.558803,-72.577841
01/01/2020,04/02/2022,Vermont,Female,0-17 years,0.0,25.0,0.0,0.0,44.558803,-72.577841
01/01/2020,04/02/2022,Vermont,Female,18-29 years,0.0,63.0,0.0,0.0,44.558803,-72.577841
01/01/2020,04/02/2022,Vermont,Female,30-39 years,0.0,109.0,0.0,0.0,44.558803,-72.577841
01/01/2020,04/02/2022,Vermont,Female,40-49 years,0.0,169.0,0.0,0.0,44.558803,-72.577841
01/01/2020,04/02/2022,Vermont,Female,50-64 years,29.0,727.0,34.0,0.0,44.558803,-72.577841
01/01/2020,04/02/2022,Vermont,Female,65-74 years,41.0,1115.0,56.0,0.0,44.558803,-72.577841
01/01/2020,04/02/2022,Vermont,Female,75-84 years,78.0,1662.0,91.0,0.0,44.558803,-72.577841
01/01/2020,04/02/2022,Vermont,Female,85 years and over,122.0,2907.0,157.0,0.0,44.558803,-72.577841
01/01/2020,04/02/2022,Virginia,Male,All Ages,10085.0,95315.0,8345.0,108.0,37.431573,-78.656894
01/01/2020,04/02/2022,Virginia,Male,Under 1 year,0.0,608.0,0.0,0.0,37.431573,-78.656894
01/01/2020,04/02/2022,Virginia,Male,0-17 years,0.0,1077.0,10.0,0.0,37.431573,-78.656894
01/01/2020,04/02/2022,Virginia,Male,18-29 years,60.0,2479.0,50.0,0.0,37.431573,-78.656894
01/01/2020,04/02/2022,Virginia,Male,30-39 years,154.0,3291.0,117.0,0.0,37.431573,-78.656894
01/01/2020,04/02/2022,Virginia,Male,40-49 years,397.0,4523.0,298.0,0.0,37.431573,-78.656894
01/01/2020,04/02/2022,Virginia,Male,50-64 years,2014.0,18745.0,1582.0,25.0,37.431573,-78.656894
01/01/2020,04/02/2022,Virginia,Male,65-74 years,2453.0,21311.0,2092.0,29.0,37.431573,-78.656894
01/01/2020,04/02/2022,Virginia,Male,75-84 years,2789.0,23717.0,2407.0,20.0,37.431573,-78.656894
01/01/2020,04/02/2022,Virginia,Male,85 years and over,2210.0,20172.0,1789.0,22.0,37.431573,-78.656894
01/01/2020,04/02/2022,Virginia,Female,All Ages,8954.0,88901.0,6927.0,91.0,37.431573,-78.656894
01/01/2020,04/02/2022,Virginia,Female,Under 1 year,0.0,537.0,0.0,0.0,37.431573,-78.656894
01/01/2020,04/02/2022,Virginia,Female,0-17 years,14.0,823.0,13.0,0.0,37.431573,-78.656894
01/01/2020,04/02/2022,Virginia,Female,18-29 years,35.0,953.0,32.0,0.0,37.431573,-78.656894
01/01/2020,04/02/2022,Virginia,Female,30-39 years,115.0,1611.0,100.0,0.0,37.431573,-78.656894
01/01/2020,04/02/2022,Virginia,Female,40-49 years,275.0,2792.0,208.0,0.0,37.431573,-78.656894
01/01/2020,04/02/2022,Virginia,Female,50-64 years,1312.0,12082.0,1161.0,22.0,37.431573,-78.656894
01/01/2020,04/02/2022,Virginia,Female,65-74 years,1889.0,16213.0,1613.0,0.0,37.431573,-78.656894
01/01/2020,04/02/2022,Virginia,Female,75-84 years,2250.0,22423.0,1774.0,19.0,37.431573,-78.656894
01/01/2020,04/02/2022,Virginia,Female,85 years and over,3064.0,32004.0,2026.0,30.0,37.431573,-78.656894
01/01/2020,04/02/2022,Washington,Male,All Ages,6770.0,77813.0,7898.0,101.0,47.751074,-120.740139
01/01/2020,04/02/2022,Washington,Male,Under 1 year,0.0,432.0,0.0,0.0,47.751074,-120.740139
01/01/2020,04/02/2022,Washington,Male,0-17 years,0.0,811.0,20.0,0.0,47.751074,-120.740139
01/01/2020,04/02/2022,Washington,Male,18-29 years,53.0,2028.0,68.0,0.0,47.751074,-120.740139
01/01/2020,04/02/2022,Washington,Male,30-39 years,142.0,2607.0,148.0,0.0,47.751074,-120.740139
01/01/2020,04/02/2022,Washington,Male,40-49 years,335.0,3555.0,355.0,0.0,47.751074,-120.740139
01/01/2020,04/02/2022,Washington,Male,50-64 years,1380.0,14338.0,1544.0,24.0,47.751074,-120.740139
01/01/2020,04/02/2022,Washington,Male,65-74 years,1672.0,17743.0,2062.0,32.0,47.751074,-120.740139
01/01/2020,04/02/2022,Washington,Male,75-84 years,1722.0,19024.0,1996.0,15.0,47.751074,-120.740139
01/01/2020,04/02/2022,Washington,Male,85 years and over,1460.0,17707.0,1705.0,15.0,47.751074,-120.740139
01/01/2020,04/02/2022,Washington,Female,All Ages,5057.0,69081.0,5781.0,74.0,47.751074,-120.740139
01/01/2020,04/02/2022,Washington,Female,Under 1 year,0.0,353.0,0.0,0.0,47.751074,-120.740139
01/01/2020,04/02/2022,Washington,Female,0-17 years,0.0,607.0,17.0,0.0,47.751074,-120.740139
01/01/2020,04/02/2022,Washington,Female,18-29 years,19.0,714.0,27.0,0.0,47.751074,-120.740139
01/01/2020,04/02/2022,Washington,Female,30-39 years,81.0,1217.0,77.0,0.0,47.751074,-120.740139
01/01/2020,04/02/2022,Washington,Female,40-49 years,176.0,2073.0,181.0,0.0,47.751074,-120.740139
01/01/2020,04/02/2022,Washington,Female,50-64 years,756.0,9153.0,966.0,15.0,47.751074,-120.740139
01/01/2020,04/02/2022,Washington,Female,65-74 years,1052.0,12671.0,1299.0,11.0,47.751074,-120.740139
01/01/2020,04/02/2022,Washington,Female,75-84 years,1257.0,16648.0,1464.0,21.0,47.751074,-120.740139
01/01/2020,04/02/2022,Washington,Female,85 years and over,1710.0,25998.0,1750.0,16.0,47.751074,-120.740139
01/01/2020,04/02/2022,West Virginia,Male,All Ages,3556.0,31886.0,3875.0,43.0,38.597626,-80.454903
01/01/2020,04/02/2022,West Virginia,Male,Under 1 year,0.0,147.0,0.0,0.0,38.597626,-80.454903
01/01/2020,04/02/2022,West Virginia,Male,0-17 years,0.0,252.0,0.0,0.0,38.597626,-80.454903
01/01/2020,04/02/2022,West Virginia,Male,18-29 years,18.0,633.0,17.0,0.0,38.597626,-80.454903
01/01/2020,04/02/2022,West Virginia,Male,30-39 years,45.0,1251.0,39.0,0.0,38.597626,-80.454903
01/01/2020,04/02/2022,West Virginia,Male,40-49 years,149.0,1886.0,162.0,0.0,38.597626,-80.454903
01/01/2020,04/02/2022,West Virginia,Male,50-64 years,717.0,6680.0,736.0,0.0,38.597626,-80.454903
01/01/2020,04/02/2022,West Virginia,Male,65-74 years,979.0,7897.0,1106.0,12.0,38.597626,-80.454903
01/01/2020,04/02/2022,West Virginia,Male,75-84 years,1011.0,7803.0,1102.0,11.0,38.597626,-80.454903
01/01/2020,04/02/2022,West Virginia,Male,85 years and over,636.0,5484.0,708.0,0.0,38.597626,-80.454903
01/01/2020,04/02/2022,West Virginia,Female,All Ages,3057.0,28037.0,3153.0,37.0,38.597626,-80.454903
01/01/2020,04/02/2022,West Virginia,Female,Under 1 year,0.0,96.0,0.0,0.0,38.597626,-80.454903
01/01/2020,04/02/2022,West Virginia,Female,0-17 years,0.0,165.0,0.0,0.0,38.597626,-80.454903
01/01/2020,04/02/2022,West Virginia,Female,18-29 years,0.0,295.0,11.0,0.0,38.597626,-80.454903
01/01/2020,04/02/2022,West Virginia,Female,30-39 years,33.0,590.0,38.0,0.0,38.597626,-80.454903
01/01/2020,04/02/2022,West Virginia,Female,40-49 years,119.0,1033.0,113.0,0.0,38.597626,-80.454903
01/01/2020,04/02/2022,West Virginia,Female,50-64 years,502.0,4320.0,558.0,10.0,38.597626,-80.454903
01/01/2020,04/02/2022,West Virginia,Female,65-74 years,740.0,5733.0,816.0,0.0,38.597626,-80.454903
01/01/2020,04/02/2022,West Virginia,Female,75-84 years,828.0,7150.0,880.0,0.0,38.597626,-80.454903
01/01/2020,04/02/2022,West Virginia,Female,85 years and over,829.0,8751.0,735.0,0.0,38.597626,-80.454903
01/01/2020,04/02/2022,Wisconsin,Male,All Ages,7951.0,71887.0,5840.0,106.0,43.78444,-88.787868
01/01/2020,04/02/2022,Wisconsin,Male,Under 1 year,0.0,395.0,0.0,0.0,43.78444,-88.787868
01/01/2020,04/02/2022,Wisconsin,Male,0-17 years,0.0,742.0,10.0,0.0,43.78444,-88.787868
01/01/2020,04/02/2022,Wisconsin,Male,18-29 years,42.0,1538.0,32.0,0.0,43.78444,-88.787868
01/01/2020,04/02/2022,Wisconsin,Male,30-39 years,98.0,2246.0,69.0,0.0,43.78444,-88.787868
01/01/2020,04/02/2022,Wisconsin,Male,40-49 years,293.0,2863.0,154.0,0.0,43.78444,-88.787868
01/01/2020,04/02/2022,Wisconsin,Male,50-64 years,1353.0,12639.0,912.0,21.0,43.78444,-88.787868
01/01/2020,04/02/2022,Wisconsin,Male,65-74 years,1874.0,15884.0,1379.0,25.0,43.78444,-88.787868
01/01/2020,04/02/2022,Wisconsin,Male,75-84 years,2205.0,17822.0,1736.0,27.0,43.78444,-88.787868
01/01/2020,04/02/2022,Wisconsin,Male,85 years and over,2083.0,18153.0,1548.0,18.0,43.78444,-88.787868
01/01/2020,04/02/2022,Wisconsin,Female,All Ages,6539.0,66022.0,4513.0,100.0,43.78444,-88.787868
01/01/2020,04/02/2022,Wisconsin,Female,Under 1 year,0.0,327.0,0.0,0.0,43.78444,-88.787868
01/01/2020,04/02/2022,Wisconsin,Female,0-17 years,0.0,527.0,0.0,0.0,43.78444,-88.787868
01/01/2020,04/02/2022,Wisconsin,Female,18-29 years,29.0,600.0,23.0,0.0,43.78444,-88.787868
01/01/2020,04/02/2022,Wisconsin,Female,30-39 years,77.0,1030.0,46.0,0.0,43.78444,-88.787868
01/01/2020,04/02/2022,Wisconsin,Female,40-49 years,161.0,1596.0,105.0,0.0,43.78444,-88.787868
01/01/2020,04/02/2022,Wisconsin,Female,50-64 years,805.0,7888.0,590.0,14.0,43.78444,-88.787868
01/01/2020,04/02/2022,Wisconsin,Female,65-74 years,1192.0,10803.0,893.0,14.0,43.78444,-88.787868
01/01/2020,04/02/2022,Wisconsin,Female,75-84 years,1705.0,15884.0,1222.0,25.0,43.78444,-88.787868
01/01/2020,04/02/2022,Wisconsin,Female,85 years and over,2567.0,27694.0,1627.0,34.0,43.78444,-88.787868
01/01/2020,04/02/2022,Wyoming,Male,All Ages,876.0,6938.0,779.0,0.0,43.075968,-107.290284
01/01/2020,04/02/2022,Wyoming,Male,Under 1 year,0.0,19.0,0.0,0.0,43.075968,-107.290284
01/01/2020,04/02/2022,Wyoming,Male,0-17 years,0.0,70.0,0.0,0.0,43.075968,-107.290284
01/01/2020,04/02/2022,Wyoming,Male,18-29 years,0.0,198.0,0.0,0.0,43.075968,-107.290284
01/01/2020,04/02/2022,Wyoming,Male,30-39 years,17.0,279.0,15.0,0.0,43.075968,-107.290284
01/01/2020,04/02/2022,Wyoming,Male,40-49 years,33.0,359.0,35.0,0.0,43.075968,-107.290284
01/01/2020,04/02/2022,Wyoming,Male,50-64 years,173.0,1314.0,140.0,0.0,43.075968,-107.290284
01/01/2020,04/02/2022,Wyoming,Male,65-74 years,238.0,1678.0,208.0,0.0,43.075968,-107.290284
01/01/2020,04/02/2022,Wyoming,Male,75-84 years,246.0,1671.0,231.0,0.0,43.075968,-107.290284
01/01/2020,04/02/2022,Wyoming,Male,85 years and over,164.0,1369.0,143.0,0.0,43.075968,-107.290284
01/01/2020,04/02/2022,Wyoming,Female,All Ages,723.0,5817.0,659.0,10.0,43.075968,-107.290284
01/01/2020,04/02/2022,Wyoming,Female,Under 1 year,0.0,22.0,0.0,0.0,43.075968,-107.290284
01/01/2020,04/02/2022,Wyoming,Female,0-17 years,0.0,41.0,0.0,0.0,43.075968,-107.290284
01/01/2020,04/02/2022,Wyoming,Female,18-29 years,0.0,72.0,0.0,0.0,43.075968,-107.290284
01/01/2020,04/02/2022,Wyoming,Female,30-39 years,10.0,112.0,0.0,0.0,43.075968,-107.290284
01/01/2020,04/02/2022,Wyoming,Female,40-49 years,23.0,184.0,24.0,0.0,43.075968,-107.290284
01/01/2020,04/02/2022,Wyoming,Female,50-64 years,108.0,820.0,111.0,0.0,43.075968,-107.290284
01/01/2020,04/02/2022,Wyoming,Female,65-74 years,151.0,1085.0,135.0,0.0,43.075968,-107.290284
01/01/2020,04/02/2022,Wyoming,Female,75-84 years,180.0,1432.0,171.0,0.0,43.075968,-107.290284
01/01/2020,04/02/2022,Wyoming,Female,85 years and over,245.0,2071.0,206.0,0.0,43.075968,-107.290284
